NORAD_CAT_ID,OBJECT_NAME,EPOCH,BSTAR,INCLINATION,RA_OF_ASC_NODE,ECCENTRICITY,ARG_OF_PERICENTER,MEAN_ANOMALY,MEAN_MOTION,SOURCE_URL,RETRIEVED_AT
22675,COSMOS 2251,2026-08-25T21:51:21.292704,2.6262505e-05,74.0382,207.8041,0.0025743,231.876,128.0071,14.33266471,CelesTrak (Manual Download),20260826T042208Z
33757,COSMOS 2251 DEB,2026-08-25T10:00:30.691296,2.7565614e-05,74.035,216.8395,0.00146754,177.1254,337.4359,14.32634931,CelesTrak (Manual Download),20260826T042208Z
33758,COSMOS 2251 DEB,2026-08-25T07:10:30.176832,0.00047599,74.0254,92.9699,0.0016217,102.5155,18.4173,14.53109757,CelesTrak (Manual Download),20260826T042208Z
33760,COSMOS 2251 DEB,2026-08-25T07:09:47.488320,5.8185e-05,74.0325,172.3782,0.0021179,214.8933,300.6733,14.35805653,CelesTrak (Manual Download),20260826T042208Z
33761,COSMOS 2251 DEB,2026-08-25T03:42:18.932256,0.0002093358,74.0359,138.0017,0.00228329,162.4455,348.5127,14.43154137,CelesTrak (Manual Download),20260826T042208Z
33762,COSMOS 2251 DEB,2026-08-25T16:18:06.361920,3.0716332e-05,74.0407,202.0844,0.00158391,209.4321,326.0507,14.33729401,CelesTrak (Manual Download),20260826T042208Z
33764,COSMOS 2251 DEB,2026-08-25T13:08:10.023936,0.00019362475,74.0341,160.1011,0.00208174,60.9784,111.5459,14.39949855,CelesTrak (Manual Download),20260826T042208Z
33765,COSMOS 2251 DEB,2026-08-25T09:01:57.196416,0.0018094991,74.0006,356.5781,0.00468452,18.3702,341.9178,15.28984008,CelesTrak (Manual Download),20260826T042208Z
33766,COSMOS 2251 DEB,2026-08-25T19:20:18.109824,0.000425162,74.1864,29.6601,0.00626995,160.3476,200.0116,14.35647595,CelesTrak (Manual Download),20260826T042208Z
33768,COSMOS 2251 DEB,2026-08-25T18:47:30.156288,6.8694634e-05,74.07,166.5312,0.03675089,267.4973,116.7692,13.58637224,CelesTrak (Manual Download),20260826T042208Z
33779,COSMOS 2251 DEB,2026-08-25T16:41:58.828992,0.00042077009,74.0435,31.9248,0.00151332,10.3668,2.887,14.7574599,CelesTrak (Manual Download),20260826T042208Z
33782,COSMOS 2251 DEB,2026-08-25T06:24:05.312160,0.00026757,74.0335,164.7182,0.002065,175.5258,338.0327,14.41011257,CelesTrak (Manual Download),20260826T042208Z
33785,COSMOS 2251 DEB,2026-08-25T13:33:51.024960,0.00050238,73.8635,276.1319,0.0016111,172.7867,339.1182,14.75290567,CelesTrak (Manual Download),20260826T042208Z
33789,COSMOS 2251 DEB,2026-08-25T16:22:43.844160,9.9790877e-05,74.0648,12.8898,0.02397454,68.4935,305.2303,13.89104389,CelesTrak (Manual Download),20260826T042208Z
33791,COSMOS 2251 DEB,2026-08-25T14:08:58.432416,0.00037198,74.1723,285.9389,0.0027918,39.4707,119.9897,14.44193235,CelesTrak (Manual Download),20260826T042208Z
33792,COSMOS 2251 DEB,2026-08-25T15:12:39.222720,0.00046733,73.8995,296.4908,0.0431694,315.8564,198.9384,13.4620832,CelesTrak (Manual Download),20260826T042208Z
33793,COSMOS 2251 DEB,2026-08-25T10:34:45.273792,0.00049070559,73.9802,44.8591,0.00772294,136.9906,251.8437,14.28436785,CelesTrak (Manual Download),20260826T042208Z
33795,COSMOS 2251 DEB,2026-08-25T08:24:46.501344,0.00096797446,74.0435,267.3955,0.0030753,288.0773,84.2842,15.17832895,CelesTrak (Manual Download),20260826T042208Z
33797,COSMOS 2251 DEB,2026-08-25T09:22:15.168576,0.00023055405,74.0441,268.6392,0.00635021,290.6482,80.1159,14.58817017,CelesTrak (Manual Download),20260826T042208Z
33798,COSMOS 2251 DEB,2026-08-25T09:51:53.637408,9.7690261e-05,74.0301,19.5751,0.00902124,77.7833,314.3699,14.44848555,CelesTrak (Manual Download),20260826T042208Z
33799,COSMOS 2251 DEB,2026-08-25T14:08:49.528896,0.0012263,74.0327,295.2085,0.0025929,304.4369,206.0874,14.8612911,CelesTrak (Manual Download),20260826T042208Z
33805,COSMOS 2251 DEB,2026-08-25T07:36:02.652768,0.00019295101,74.0307,184.898,0.00618236,307.383,52.1714,14.58387966,CelesTrak (Manual Download),20260826T042208Z
33811,COSMOS 2251 DEB,2026-08-25T09:41:56.153760,0.0013896611,73.8258,127.7484,0.00310639,161.6465,315.1475,15.1585431,CelesTrak (Manual Download),20260826T042208Z
33816,COSMOS 2251 DEB,2026-08-25T16:23:08.262528,0.00014521056,73.8948,31.4287,0.02653413,356.0807,3.8232,13.82131868,CelesTrak (Manual Download),20260826T042208Z
33818,COSMOS 2251 DEB,2026-08-25T22:00:36.602784,0.0022266757,74.0712,344.2652,0.00088784,288.4466,71.578,15.45924009,CelesTrak (Manual Download),20260826T042208Z
33819,COSMOS 2251 DEB,2026-08-25T14:47:20.973408,0.00030858,74.1778,106.6608,0.0088921,255.6803,124.5353,14.33029392,CelesTrak (Manual Download),20260826T042208Z
33821,COSMOS 2251 DEB,2026-08-25T14:40:48.582624,0.00079998082,74.0253,314.2812,0.00357023,281.5421,78.1781,15.42896259,CelesTrak (Manual Download),20260826T042208Z
33822,COSMOS 2251 DEB,2026-08-25T01:10:00.724800,0.0010739086,74.0667,102.3844,0.01523512,87.0659,67.7704,14.14360374,CelesTrak (Manual Download),20260826T042208Z
33823,COSMOS 2251 DEB,2026-08-25T18:48:42.920640,0.00069043644,73.8083,60.3661,0.02075837,140.9922,234.2454,13.99469048,CelesTrak (Manual Download),20260826T042208Z
33825,COSMOS 2251 DEB,2026-08-25T10:53:14.285184,0.00063567931,73.9797,248.7877,0.00753046,155.6096,263.4666,14.73443235,CelesTrak (Manual Download),20260826T042208Z
33826,COSMOS 2251 DEB,2026-08-25T14:19:54.001920,0.00088021,74.0636,287.5684,0.0084261,269.2555,251.403,14.54692012,CelesTrak (Manual Download),20260826T042208Z
33828,COSMOS 2251 DEB,2026-08-25T16:00:32.821056,0.00022919654,74.0455,121.8765,0.00282984,134.9111,255.858,14.44994036,CelesTrak (Manual Download),20260826T042208Z
33830,COSMOS 2251 DEB,2026-08-25T22:45:11.155392,0.00054664805,74.0292,86.7707,0.00413335,143.8362,282.906,14.79573691,CelesTrak (Manual Download),20260826T042208Z
33832,COSMOS 2251 DEB,2026-08-25T12:54:23.505984,0.00076791941,74.0527,80.5625,0.0022675,50.8716,337.0868,14.63568203,CelesTrak (Manual Download),20260826T042208Z
33835,COSMOS 2251 DEB,2026-08-25T17:58:23.617344,0.00039765551,74.0583,330.5032,0.00558944,316.9212,201.3407,14.64251486,CelesTrak (Manual Download),20260826T042208Z
33836,COSMOS 2251 DEB,2026-08-25T08:43:55.255008,0.00067832427,73.9957,112.619,0.00238107,253.6159,223.4555,14.83829214,CelesTrak (Manual Download),20260826T042208Z
33837,COSMOS 2251 DEB,2026-08-25T20:19:55.252992,0.00012665003,74.0119,293.222,0.00326811,91.7505,268.7399,14.51159345,CelesTrak (Manual Download),20260826T042208Z
33838,COSMOS 2251 DEB,2026-08-25T10:36:41.968224,0.00027046447,74.037,30.6514,0.00260086,87.9227,303.2016,14.49004667,CelesTrak (Manual Download),20260826T042208Z
33839,COSMOS 2251 DEB,2026-08-25T00:02:19.571424,0.00016936775,74.037,75.7022,0.00829103,123.5022,27.0916,14.65022557,CelesTrak (Manual Download),20260826T042208Z
33841,COSMOS 2251 DEB,2026-08-25T06:42:17.949888,0.0001293,74.0382,167.4231,0.0021134,192.8005,321.6845,14.3815092,CelesTrak (Manual Download),20260826T042208Z
33842,COSMOS 2251 DEB,2026-08-25T02:07:57.907488,0.00016681236,74.0321,105.4717,0.00465126,152.3667,207.9977,14.43155176,CelesTrak (Manual Download),20260826T042208Z
33844,COSMOS 2251 DEB,2026-08-25T07:30:27.160704,0.00021709005,74.0668,305.9482,0.00495191,265.9479,163.9613,14.34244021,CelesTrak (Manual Download),20260826T042208Z
33848,COSMOS 2251 DEB,2026-08-25T10:30:13.869792,0.00053208845,74.0272,241.1755,0.00446916,240.8101,286.4295,14.45590802,CelesTrak (Manual Download),20260826T042208Z
33892,COSMOS 2251 DEB,2026-08-25T09:01:30.213696,0.00028989841,73.8039,355.3712,0.01144319,340.9095,81.4055,14.24041547,CelesTrak (Manual Download),20260826T042208Z
33894,COSMOS 2251 DEB,2026-08-25T14:26:50.144928,0.0022105,73.7685,313.0905,0.0569528,196.2749,161.9374,13.2194303,CelesTrak (Manual Download),20260826T042208Z
33896,COSMOS 2251 DEB,2026-08-25T12:01:42.312288,0.00042351628,73.7657,52.05,0.01245901,184.9578,207.0688,14.19686155,CelesTrak (Manual Download),20260826T042208Z
33899,COSMOS 2251 DEB,2026-08-25T08:20:08.174976,0.00035774091,74.0532,316.7298,0.00575343,312.1587,117.9747,14.62933571,CelesTrak (Manual Download),20260826T042208Z
33900,COSMOS 2251 DEB,2026-08-25T17:43:03.936864,0.0003211618,74.0155,231.6995,0.00489164,316.8879,217.933,14.59253109,CelesTrak (Manual Download),20260826T042208Z
33905,COSMOS 2251 DEB,2026-08-25T21:37:18.930720,0.00052536764,73.8852,202.175,0.00554241,35.4199,354.9778,14.36194282,CelesTrak (Manual Download),20260826T042208Z
33906,COSMOS 2251 DEB,2026-08-25T15:09:56.459808,0.0010678,74.0278,193.616,0.0033921,172.3768,2.3858,14.60583777,CelesTrak (Manual Download),20260826T042208Z
33907,COSMOS 2251 DEB,2026-08-25T03:09:35.469792,0.0010523169,74.0682,288.5671,0.01177531,282.5737,105.8271,14.33212743,CelesTrak (Manual Download),20260826T042208Z
33908,COSMOS 2251 DEB,2026-08-25T02:00:11.223072,0.00094007638,73.8358,111.9068,0.02194299,89.5158,273.1117,14.09052118,CelesTrak (Manual Download),20260826T042208Z
33911,COSMOS 2251 DEB,2026-08-24T14:22:31.027008,0.0012808022,74.0898,22.89,0.00104264,248.1729,236.8204,14.80769339,CelesTrak (Manual Download),20260826T042208Z
33912,COSMOS 2251 DEB,2026-08-24T00:09:40.724640,0.00042808873,74.0317,70.1279,0.00106479,90.2229,62.9386,14.53245984,CelesTrak (Manual Download),20260826T042208Z
33913,COSMOS 2251 DEB,2026-08-25T12:14:15.880128,0.0003654344,74.032,64.0392,0.00468146,103.8698,287.0119,14.49368435,CelesTrak (Manual Download),20260826T042208Z
33914,COSMOS 2251 DEB,2026-08-25T11:17:59.414784,0.0001565973,74.091,313.496,0.03042205,356.7668,16.0765,13.72267963,CelesTrak (Manual Download),20260826T042208Z
33915,COSMOS 2251 DEB,2026-08-25T20:04:52.055040,0.00021207028,74.0416,284.4859,0.01072352,313.4089,164.1878,14.35687496,CelesTrak (Manual Download),20260826T042208Z
33916,COSMOS 2251 DEB,2026-08-25T08:03:14.628672,0.00014868221,74.0539,340.558,0.03232231,95.6291,323.3104,13.68809986,CelesTrak (Manual Download),20260826T042208Z
33917,COSMOS 2251 DEB,2026-08-25T22:15:00.063648,0.0011573929,74.1039,62.0643,0.03334086,102.4284,261.4352,13.69977607,CelesTrak (Manual Download),20260826T042208Z
33920,COSMOS 2251 DEB,2026-08-25T05:53:26.433312,0.0010843,74.0598,171.3866,0.0031758,119.7627,240.6705,14.61625654,CelesTrak (Manual Download),20260826T042208Z
33922,COSMOS 2251 DEB,2026-08-25T09:13:14.822976,0.00028070523,74.0473,28.0952,0.00220078,73.047,313.2411,14.50208831,CelesTrak (Manual Download),20260826T042208Z
33924,COSMOS 2251 DEB,2026-08-25T07:59:49.039008,0.00030919412,73.9106,219.2548,0.04025456,208.3316,149.5369,13.50516468,CelesTrak (Manual Download),20260826T042208Z
33928,COSMOS 2251 DEB,2026-08-25T02:43:11.815680,0.00013264501,73.9247,291.5424,0.00598294,172.2854,187.924,14.47880388,CelesTrak (Manual Download),20260826T042208Z
33932,COSMOS 2251 DEB,2026-08-25T21:54:13.945824,0.00026684953,74.0326,203.1748,0.0037521,221.6918,138.1377,14.39358146,CelesTrak (Manual Download),20260826T042208Z
33933,COSMOS 2251 DEB,2026-08-25T15:23:58.988544,0.00017038371,74.0898,313.5203,0.00726092,257.7717,101.5297,14.33941872,CelesTrak (Manual Download),20260826T042208Z
33934,COSMOS 2251 DEB,2026-08-25T16:01:06.580992,0.00043262055,74.0391,332.1779,0.00159636,21.4844,338.6989,14.60783149,CelesTrak (Manual Download),20260826T042208Z
33936,COSMOS 2251 DEB,2026-08-25T12:04:30.965088,0.00034014004,74.0146,268.0103,0.00282969,351.3063,8.7609,14.61700212,CelesTrak (Manual Download),20260826T042208Z
33938,COSMOS 2251 DEB,2026-08-25T07:18:00.154080,0.00026439,74.0434,89.671,0.0015772,112.2152,5.0787,14.47567599,CelesTrak (Manual Download),20260826T042208Z
33939,COSMOS 2251 DEB,2026-08-25T03:32:58.119360,0.0039168,73.9907,266.2857,0.0012691,306.9553,53.0491,15.40377962,CelesTrak (Manual Download),20260826T042208Z
33940,COSMOS 2251 DEB,2026-08-25T08:22:48.242208,0.00060215006,74.0403,15.8735,0.0011511,28.1467,357.7737,14.60784142,CelesTrak (Manual Download),20260826T042208Z
33942,COSMOS 2251 DEB,2026-08-25T18:39:05.234688,0.00012488506,74.037,163.1604,0.0020862,191.3021,197.9926,14.38277559,CelesTrak (Manual Download),20260826T042208Z
33944,COSMOS 2251 DEB,2026-08-25T21:36:20.119104,0.00014094181,74.0394,197.4482,0.01143269,235.1183,143.8717,14.37752529,CelesTrak (Manual Download),20260826T042208Z
33945,COSMOS 2251 DEB,2026-08-25T21:29:19.957632,7.1265012e-05,74.0291,196.828,0.00237221,226.5817,133.3361,14.34764935,CelesTrak (Manual Download),20260826T042208Z
33948,COSMOS 2251 DEB,2026-08-25T07:35:06.539424,0.0001082903,74.035,196.1101,0.00242021,215.9407,144.0119,14.35860611,CelesTrak (Manual Download),20260826T042208Z
33971,COSMOS 2251 DEB,2026-08-25T11:56:58.951392,0.00015395479,74.0252,140.8832,0.00190615,186.9151,347.6101,14.40104463,CelesTrak (Manual Download),20260826T042208Z
33972,COSMOS 2251 DEB,2026-08-25T21:40:17.179104,0.0010255109,73.993,77.8166,0.01213988,185.5877,239.1792,14.38530497,CelesTrak (Manual Download),20260826T042208Z
33973,COSMOS 2251 DEB,2026-08-25T09:11:28.519872,7.7796553e-05,74.0105,345.4782,0.00449178,102.7953,324.2923,14.45602468,CelesTrak (Manual Download),20260826T042208Z
33975,COSMOS 2251 DEB,2026-08-25T08:08:38.691744,0.00022959158,73.8032,355.005,0.01897598,83.5251,278.7448,14.00851724,CelesTrak (Manual Download),20260826T042208Z
33980,COSMOS 2251 DEB,2026-08-25T07:44:02.338656,0.00027946845,74.0187,291.6543,0.00290399,5.6394,74.4479,14.59995946,CelesTrak (Manual Download),20260826T042208Z
33982,COSMOS 2251 DEB,2026-08-25T17:38:35.488608,0.00019619072,74.0669,231.7335,0.0075215,211.4219,323.6488,14.61257702,CelesTrak (Manual Download),20260826T042208Z
33983,COSMOS 2251 DEB,2026-08-25T04:22:45.878880,0.00029842,74.0501,26.8827,0.0020218,62.9806,111.5725,14.51500219,CelesTrak (Manual Download),20260826T042208Z
33984,COSMOS 2251 DEB,2026-08-25T21:27:51.320736,0.00061922508,74.0059,211.5337,0.00238176,333.9059,48.0505,14.68419833,CelesTrak (Manual Download),20260826T042208Z
33986,COSMOS 2251 DEB,2026-08-25T15:09:11.251008,0.00039524,74.0352,186.9083,0.0042168,202.2556,333.0145,14.44198692,CelesTrak (Manual Download),20260826T042208Z
33990,COSMOS 2251 DEB,2026-08-25T09:41:15.157824,0.00034492366,73.9248,235.4446,0.04052956,208.5237,225.3891,13.50290765,CelesTrak (Manual Download),20260826T042208Z
33992,COSMOS 2251 DEB,2026-08-25T21:32:53.488320,0.00047462825,74.0217,202.7918,0.00547428,256.635,133.3535,14.6805416,CelesTrak (Manual Download),20260826T042208Z
33994,COSMOS 2251 DEB,2026-08-25T21:20:59.178912,6.2840363e-05,74.0414,76.3284,0.00226092,151.6187,271.3416,14.41359558,CelesTrak (Manual Download),20260826T042208Z
33995,COSMOS 2251 DEB,2026-08-25T09:12:49.864608,0.00044248116,74.0614,11.182,0.00607221,322.1971,37.4924,14.35827442,CelesTrak (Manual Download),20260826T042208Z
33999,COSMOS 2251 DEB,2026-08-25T12:38:59.707680,0.00071859523,73.9139,78.0898,0.00403549,268.8798,90.7759,14.8899776,CelesTrak (Manual Download),20260826T042208Z
34001,COSMOS 2251 DEB,2026-08-25T06:19:10.541280,0.00011945,74.0392,171.6313,0.0020716,197.5559,313.8846,14.37333733,CelesTrak (Manual Download),20260826T042208Z
34003,COSMOS 2251 DEB,2026-08-25T07:58:41.329056,0.00087219207,74.0755,214.4897,0.02782863,267.2506,89.6742,13.85081192,CelesTrak (Manual Download),20260826T042208Z
34004,COSMOS 2251 DEB,2026-08-25T07:55:01.483392,0.00069791976,74.0334,192.9877,0.00297134,151.9112,208.366,14.50907686,CelesTrak (Manual Download),20260826T042208Z
34005,COSMOS 2251 DEB,2026-08-25T23:22:38.154144,7.2698433e-05,74.0438,100.1586,0.0020144,160.3666,264.9122,14.40473418,CelesTrak (Manual Download),20260826T042208Z
34006,COSMOS 2251 DEB,2026-08-25T08:29:55.442688,0.0030956501,74.0562,338.2266,0.00020914,338.2165,95.0116,15.20982546,CelesTrak (Manual Download),20260826T042208Z
34007,COSMOS 2251 DEB,2026-08-25T09:08:19.872384,0.00050007283,74.0163,214.0136,0.004773,283.2221,76.3626,14.66473769,CelesTrak (Manual Download),20260826T042208Z
34008,COSMOS 2251 DEB,2026-08-25T09:22:27.083136,6.9269834e-05,74.0321,223.2483,0.00230176,162.6464,269.3165,14.3328868,CelesTrak (Manual Download),20260826T042208Z
34009,COSMOS 2251 DEB,2026-08-25T09:02:32.978976,8.4753545e-05,74.0346,229.7007,0.00287626,241.0101,240.6902,14.3339224,CelesTrak (Manual Download),20260826T042208Z
34011,COSMOS 2251 DEB,2026-08-25T07:55:39.579744,0.00055099533,74.0117,215.3412,0.00399359,242.3194,117.3908,14.42921685,CelesTrak (Manual Download),20260826T042208Z
34014,COSMOS 2251 DEB,2026-08-25T17:44:19.677696,0.00048415659,74.0167,140.1003,0.00392231,216.6053,174.5728,14.7573777,CelesTrak (Manual Download),20260826T042208Z
34015,COSMOS 2251 DEB,2026-08-25T09:50:01.162752,0.00074881015,74.0239,30.289,0.00209191,62.6737,326.9461,14.61938764,CelesTrak (Manual Download),20260826T042208Z
34018,COSMOS 2251 DEB,2026-08-25T09:23:41.936640,0.00014617639,73.8781,18.7105,0.02653445,7.4082,22.0962,13.81352785,CelesTrak (Manual Download),20260826T042208Z
34019,COSMOS 2251 DEB,2026-08-25T14:35:00.597120,0.00034736,73.9528,299.7984,0.0059987,60.4414,90.8125,14.34809855,CelesTrak (Manual Download),20260826T042208Z
34021,COSMOS 2251 DEB,2026-08-25T15:40:11.883648,0.00025858332,74.0372,8.9915,0.00192578,87.5283,285.5937,14.50645307,CelesTrak (Manual Download),20260826T042208Z
34022,COSMOS 2251 DEB,2026-08-25T04:57:45.459360,0.0001302,74.0547,159.9367,0.0022198,168.0696,343.147,14.39263807,CelesTrak (Manual Download),20260826T042208Z
34023,COSMOS 2251 DEB,2026-08-25T04:52:51.047904,0.00018443,74.025,138.7661,0.001881,180.2586,341.4214,14.41011213,CelesTrak (Manual Download),20260826T042208Z
34024,COSMOS 2251 DEB,2026-08-25T21:48:05.863680,0.00010772602,74.0452,206.3716,0.0021793,201.9177,188.2604,14.35627265,CelesTrak (Manual Download),20260826T042208Z
34026,COSMOS 2251 DEB,2026-08-24T09:31:48.817056,0.00043557767,73.7653,273.6853,0.03444418,104.1027,274.5968,13.65765502,CelesTrak (Manual Download),20260826T042208Z
34028,COSMOS 2251 DEB,2026-08-25T07:31:19.315200,5.6412143e-05,73.8837,315.301,0.05447068,50.0624,12.0474,13.2081627,CelesTrak (Manual Download),20260826T042208Z
34031,COSMOS 2251 DEB,2026-08-25T09:08:34.924992,0.00067688977,74.0138,6.4128,0.00225443,60.8558,329.6104,14.61921494,CelesTrak (Manual Download),20260826T042208Z
34035,COSMOS 2251 DEB,2026-08-25T10:54:26.119872,0.00074817799,74.0616,227.0502,0.00403551,172.5606,344.0085,14.54550198,CelesTrak (Manual Download),20260826T042208Z
34036,COSMOS 2251 DEB,2026-08-25T08:42:53.688096,0.0037365234,74.0032,342.1574,0.00129562,340.3057,19.7639,15.22869978,CelesTrak (Manual Download),20260826T042208Z
34037,COSMOS 2251 DEB,2026-08-25T07:13:13.163520,0.0002562005,74.051,302.4049,0.00551932,289.9488,69.5724,14.35324651,CelesTrak (Manual Download),20260826T042208Z
34040,COSMOS 2251 DEB,2026-08-25T14:44:10.235040,0.0014277,73.9587,2.7518,0.0336588,265.9209,90.3378,13.69177934,CelesTrak (Manual Download),20260826T042208Z
34045,COSMOS 2251 DEB,2026-08-25T21:04:24.604320,5.3245982e-05,74.038,202.1152,0.00274098,227.4252,153.1811,14.34181957,CelesTrak (Manual Download),20260826T042208Z
34046,COSMOS 2251 DEB,2026-08-25T00:26:04.596864,0.0004925026,74.0352,252.936,0.00789003,273.9739,113.4389,14.4842859,CelesTrak (Manual Download),20260826T042208Z
34050,COSMOS 2251 DEB,2026-08-25T03:16:24.148704,0.00047749113,74.0869,291.6782,0.02193595,294.8679,92.5921,13.96740639,CelesTrak (Manual Download),20260826T042208Z
34053,COSMOS 2251 DEB,2026-08-25T20:05:51.296064,0.00031186485,73.8443,189.3336,0.042407,295.2442,60.5278,13.49406169,CelesTrak (Manual Download),20260826T042208Z
34056,COSMOS 2251 DEB,2026-08-25T17:38:08.920608,0.00076087607,74.0591,337.9639,0.0126374,324.4824,198.4444,14.21972006,CelesTrak (Manual Download),20260826T042208Z
34058,COSMOS 2251 DEB,2026-08-25T03:55:36.013728,0.00049596768,73.9322,123.9894,0.03776138,70.7674,94.7519,13.5634993,CelesTrak (Manual Download),20260826T042208Z
34059,COSMOS 2251 DEB,2026-08-25T12:36:30.130272,0.00039079087,74.0359,63.1455,0.00176443,77.5355,313.9301,14.54211468,CelesTrak (Manual Download),20260826T042208Z
34061,COSMOS 2251 DEB,2026-08-25T05:39:47.972160,0.00018876,74.0397,150.9189,0.0020406,172.6604,342.1781,14.40805091,CelesTrak (Manual Download),20260826T042208Z
34062,COSMOS 2251 DEB,2026-08-25T08:39:11.989152,0.0009861374,74.0273,351.9981,0.00681705,4.8773,66.0891,14.85751996,CelesTrak (Manual Download),20260826T042208Z
34064,COSMOS 2251 DEB,2026-08-25T13:23:11.281344,0.0002483,74.0327,155.9506,0.0022062,167.4997,7.549,14.43066831,CelesTrak (Manual Download),20260826T042208Z
34065,COSMOS 2251 DEB,2026-08-25T12:50:07.643616,8.9861391e-05,74.0363,146.8603,0.00167939,190.3261,344.6961,14.38279006,CelesTrak (Manual Download),20260826T042208Z
34070,COSMOS 2251 DEB,2026-08-25T07:08:54.081888,0.0013567602,74.0005,330.9171,0.0019437,16.7956,48.6421,14.84112691,CelesTrak (Manual Download),20260826T042208Z
34114,COSMOS 2251 DEB,2026-08-25T14:03:36.206208,0.0009808,74.0563,277.0882,0.0043616,216.0275,305.1197,14.60720671,CelesTrak (Manual Download),20260826T042208Z
34115,COSMOS 2251 DEB,2026-08-25T14:24:47.490624,0.00057788,74.0042,95.7417,0.0030118,213.0118,146.9181,14.83200979,CelesTrak (Manual Download),20260826T042208Z
34116,COSMOS 2251 DEB,2026-08-25T21:36:29.373408,0.00045735798,74.0387,58.9349,0.00112068,74.0454,355.1477,14.5438359,CelesTrak (Manual Download),20260826T042208Z
34117,COSMOS 2251 DEB,2026-08-25T08:42:27.652320,0.00037270978,74.0366,231.1479,0.00584355,247.4852,112.0112,14.40893915,CelesTrak (Manual Download),20260826T042208Z
34118,COSMOS 2251 DEB,2026-08-25T00:07:19.555680,0.0011367671,73.9462,88.1504,0.00534753,212.1266,307.8916,15.04245494,CelesTrak (Manual Download),20260826T042208Z
34120,COSMOS 2251 DEB,2026-08-25T04:42:40.184352,0.00016141,73.9924,133.6181,0.0183087,265.5993,252.91,13.98909758,CelesTrak (Manual Download),20260826T042208Z
34121,COSMOS 2251 DEB,2026-08-25T08:51:17.995392,0.0012351007,73.9926,18.7538,0.02373929,169.0652,223.2062,13.92767727,CelesTrak (Manual Download),20260826T042208Z
34122,COSMOS 2251 DEB,2026-08-25T08:06:21.206880,0.00095250552,74.0374,345.5465,0.00785919,177.5713,247.3082,14.68031595,CelesTrak (Manual Download),20260826T042208Z
34127,COSMOS 2251 DEB,2026-08-25T20:54:46.152864,0.00074066156,74.1774,300.1783,0.01094655,65.8526,55.386,14.33424536,CelesTrak (Manual Download),20260826T042208Z
34128,COSMOS 2251 DEB,2026-08-25T09:37:21.254016,0.0019613332,73.9865,127.1686,0.00242447,182.6739,295.471,15.19723915,CelesTrak (Manual Download),20260826T042208Z
34129,COSMOS 2251 DEB,2026-08-25T21:00:02.295648,0.00086276044,74.0307,196.4799,0.00345267,218.6587,141.2118,14.7971229,CelesTrak (Manual Download),20260826T042208Z
34136,COSMOS 2251 DEB,2026-08-25T03:32:00.583872,0.0002599,74.0162,258.2083,0.0086043,313.9412,108.4157,14.81596114,CelesTrak (Manual Download),20260826T042208Z
34139,COSMOS 2251 DEB,2026-08-25T03:36:50.131008,0.0008096386,74.0295,125.7525,0.00407979,137.8835,14.0994,14.62260061,CelesTrak (Manual Download),20260826T042208Z
34141,COSMOS 2251 DEB,2026-08-25T12:41:22.013664,0.00083485306,74.0073,267.0847,0.00536841,291.819,219.7767,14.51934649,CelesTrak (Manual Download),20260826T042208Z
34270,COSMOS 2251 DEB,2026-08-25T06:04:55.094880,0.00045417,74.0113,173.6113,0.0050601,262.6583,96.8834,14.66582331,CelesTrak (Manual Download),20260826T042208Z
34271,COSMOS 2251 DEB,2026-08-25T07:02:49.963776,0.0012257,74.0175,60.0115,0.0017454,63.923,110.4028,14.7675295,CelesTrak (Manual Download),20260826T042208Z
34273,COSMOS 2251 DEB,2026-08-25T15:35:38.088960,0.00042478345,74.0372,317.2533,0.00152227,4.6204,145.7594,14.63145307,CelesTrak (Manual Download),20260826T042208Z
34274,COSMOS 2251 DEB,2026-08-25T15:14:06.020160,0.00051065,74.0026,294.3742,0.0022442,9.9419,145.8898,14.67323971,CelesTrak (Manual Download),20260826T042208Z
34276,COSMOS 2251 DEB,2026-08-25T11:39:17.618112,0.00034847889,74.0234,318.4544,0.00218296,33.4873,338.0512,14.58588218,CelesTrak (Manual Download),20260826T042208Z
34297,COSMOS 2251 DEB,2026-08-25T12:45:28.154304,7.4498517e-05,74.0489,174.4517,0.00174885,188.6394,290.4549,14.36805027,CelesTrak (Manual Download),20260826T042208Z
34301,COSMOS 2251 DEB,2026-08-25T08:53:15.838080,0.0028605373,74.0017,12.5364,0.0011279,28.5751,2.3269,14.98666974,CelesTrak (Manual Download),20260826T042208Z
34302,COSMOS 2251 DEB,2026-08-25T08:30:33.308352,0.00080659749,74.1794,15.3481,0.00762137,158.0715,229.7373,14.40395576,CelesTrak (Manual Download),20260826T042208Z
34303,COSMOS 2251 DEB,2026-08-25T19:30:15.374016,0.00059391171,74.0047,161.4622,0.01347742,237.8694,151.8599,14.56999109,CelesTrak (Manual Download),20260826T042208Z
34304,COSMOS 2251 DEB,2026-08-25T08:37:38.787744,0.00074136612,74.0136,10.3473,0.01259461,86.346,304.9508,14.39456097,CelesTrak (Manual Download),20260826T042208Z
34307,COSMOS 2251 DEB,2026-08-25T20:33:34.801920,0.00048605239,74.0505,261.9834,0.03911213,36.9223,18.0729,13.54718775,CelesTrak (Manual Download),20260826T042208Z
34314,COSMOS 2251 DEB,2026-08-25T15:46:53.297184,0.00034129776,74.004,211.4485,0.01057703,259.6281,277.5238,14.17928269,CelesTrak (Manual Download),20260826T042208Z
34316,COSMOS 2251 DEB,2026-08-25T07:07:23.939040,0.0011148666,74.061,180.2255,0.00137882,224.2872,135.7214,15.02320207,CelesTrak (Manual Download),20260826T042208Z
34317,COSMOS 2251 DEB,2026-08-25T06:36:56.141856,0.00032918,73.9262,334.9507,0.03366,276.4555,110.0081,13.65425649,CelesTrak (Manual Download),20260826T042208Z
34321,COSMOS 2251 DEB,2026-08-25T10:08:56.633280,0.00034499834,74.028,35.5607,0.0014622,101.9403,287.4126,14.50969822,CelesTrak (Manual Download),20260826T042208Z
34323,COSMOS 2251 DEB,2026-08-25T08:16:26.513184,0.0010276054,73.952,338.5484,0.00551578,323.86,92.3557,14.80743052,CelesTrak (Manual Download),20260826T042208Z
34325,COSMOS 2251 DEB,2026-08-25T22:58:12.154368,0.00068630111,73.8687,100.8477,0.01908668,70.1453,352.6117,14.05643288,CelesTrak (Manual Download),20260826T042208Z
34327,COSMOS 2251 DEB,2026-08-25T19:47:44.600064,0.0010719776,73.9927,16.0513,0.00300502,127.5792,22.6215,14.95152253,CelesTrak (Manual Download),20260826T042208Z
34340,COSMOS 2251 DEB,2026-08-25T10:06:13.257792,0.00048003276,74.0743,240.5775,0.02924897,289.3705,139.6467,13.80207902,CelesTrak (Manual Download),20260826T042208Z
34343,COSMOS 2251 DEB,2026-08-25T07:45:05.717376,0.00081308362,74.0196,312.1839,0.00178332,167.3331,258.7883,14.73323926,CelesTrak (Manual Download),20260826T042208Z
34344,COSMOS 2251 DEB,2026-08-25T08:37:13.435392,0.0014409594,73.9781,13.3763,0.01508453,139.6798,250.6943,14.17872841,CelesTrak (Manual Download),20260826T042208Z
34346,COSMOS 2251 DEB,2026-08-24T23:00:35.254368,0.0010145541,73.9915,229.0235,0.02082467,349.9237,37.3802,14.0053165,CelesTrak (Manual Download),20260826T042208Z
34383,COSMOS 2251 DEB,2026-08-25T15:35:24.830016,0.0056325176,73.9857,109.1719,0.00170293,217.9628,142.042,16.15287325,CelesTrak (Manual Download),20260826T042208Z
34387,COSMOS 2251 DEB,2026-08-25T02:05:53.744640,0.00017888583,74.0389,97.0462,0.00376986,133.0516,26.7862,14.44333615,CelesTrak (Manual Download),20260826T042208Z
34388,COSMOS 2251 DEB,2026-08-25T01:50:27.825216,0.00038139396,74.0371,103.6596,0.0012481,94.4829,56.0902,14.50578281,CelesTrak (Manual Download),20260826T042208Z
34389,COSMOS 2251 DEB,2026-08-25T03:22:10.300800,0.00021016689,74.0188,135.9792,0.00297538,190.973,320.7097,14.42081546,CelesTrak (Manual Download),20260826T042208Z
34396,COSMOS 2251 DEB,2026-08-25T08:30:45.161568,0.0010763661,74.0294,342.0122,0.00079178,333.8318,82.4723,14.80334217,CelesTrak (Manual Download),20260826T042208Z
34409,COSMOS 2251 DEB,2026-08-25T14:17:43.459296,9.3059e-05,74.0634,180.7046,0.0080255,190.5064,344.3961,14.58460737,CelesTrak (Manual Download),20260826T042208Z
34412,COSMOS 2251 DEB,2026-08-25T07:51:44.340192,0.00035456802,73.9457,202.9232,0.01868794,241.3446,116.8813,14.49219534,CelesTrak (Manual Download),20260826T042208Z
34413,COSMOS 2251 DEB,2026-08-25T13:28:40.568160,0.00064703,74.0299,159.6077,0.0091024,177.3776,357.4654,14.30505548,CelesTrak (Manual Download),20260826T042208Z
34420,COSMOS 2251 DEB,2026-08-25T23:03:10.179936,7.2114788e-05,74.0347,328.136,0.01047223,22.4143,93.4032,14.68757308,CelesTrak (Manual Download),20260826T042208Z
34425,COSMOS 2251 DEB,2026-08-25T19:41:55.695264,0.00019793024,74.0159,283.0567,0.00275314,336.8405,23.1519,14.63455324,CelesTrak (Manual Download),20260826T042208Z
34430,COSMOS 2251 DEB,2026-08-25T06:48:20.892960,0.00021191,74.0509,191.6134,0.0061262,200.7373,159.1296,14.4019228,CelesTrak (Manual Download),20260826T042208Z
34431,COSMOS 2251 DEB,2026-08-25T13:12:30.580416,0.0002968,74.0732,71.8459,0.0067347,353.2809,6.743,14.29480006,CelesTrak (Manual Download),20260826T042208Z
34432,COSMOS 2251 DEB,2026-08-25T08:36:19.073376,0.00041679278,73.8285,11.6889,0.01825715,47.9727,342.1206,14.03506357,CelesTrak (Manual Download),20260826T042208Z
34433,COSMOS 2251 DEB,2026-08-25T11:14:09.328128,0.0011245347,74.0077,61.4544,0.01503723,141.0297,220.1798,14.14027417,CelesTrak (Manual Download),20260826T042208Z
34434,COSMOS 2251 DEB,2026-08-25T14:00:54.980352,0.00085243,74.0578,294.0733,0.0279294,9.7827,139.0803,13.91749363,CelesTrak (Manual Download),20260826T042208Z
34446,COSMOS 2251 DEB,2026-08-23T14:31:51.953088,6.1542309e-05,74.0417,301.1047,0.00507259,12.5554,347.6856,14.49579174,CelesTrak (Manual Download),20260826T042208Z
34449,COSMOS 2251 DEB,2026-08-25T08:45:04.628160,0.0019902919,74.029,266.909,0.00223698,262.7272,109.8534,15.13990431,CelesTrak (Manual Download),20260826T042208Z
34451,COSMOS 2251 DEB,2026-08-25T19:33:28.681056,0.00175537,74.0395,282.4053,0.00177471,254.1549,105.7691,15.1682957,CelesTrak (Manual Download),20260826T042208Z
34452,COSMOS 2251 DEB,2026-08-25T18:40:08.985792,0.00054927266,74.0276,9.1746,0.00557158,17.0003,343.3043,15.19211127,CelesTrak (Manual Download),20260826T042208Z
34454,COSMOS 2251 DEB,2026-08-25T04:48:18.856800,0.00013655236,74.0592,167.028,0.00351122,169.9952,190.191,14.39118331,CelesTrak (Manual Download),20260826T042208Z
34459,COSMOS 2251 DEB,2026-08-25T12:57:20.359872,0.00016985589,74.0794,171.7838,0.01913568,180.7921,179.2941,14.00821545,CelesTrak (Manual Download),20260826T042208Z
34468,COSMOS 2251 DEB,2026-08-25T18:29:45.769632,0.00017770429,74.0147,357.3202,0.0074024,79.5867,281.3624,14.48090241,CelesTrak (Manual Download),20260826T042208Z
34472,COSMOS 2251 DEB,2026-08-25T17:31:44.055264,0.00099194348,74.083,36.8433,0.03302176,108.1898,255.5462,13.70957575,CelesTrak (Manual Download),20260826T042208Z
34474,COSMOS 2251 DEB,2026-08-25T18:20:45.442176,0.00083536003,74.0733,238.5287,0.02025159,251.8981,285.2516,14.07860318,CelesTrak (Manual Download),20260826T042208Z
34476,COSMOS 2251 DEB,2026-08-25T08:16:42.008160,0.0032818808,74.0087,10.8545,0.03060521,174.1772,186.3051,13.84076744,CelesTrak (Manual Download),20260826T042208Z
34477,COSMOS 2251 DEB,2026-08-25T22:03:13.602816,0.00031969556,73.9771,300.7153,0.00728164,65.2286,347.6327,14.58208904,CelesTrak (Manual Download),20260826T042208Z
34478,COSMOS 2251 DEB,2026-08-25T06:38:43.936224,0.0065218507,74.0143,182.5902,0.00214566,203.2195,156.8069,15.8403277,CelesTrak (Manual Download),20260826T042208Z
34481,COSMOS 2251 DEB,2026-08-25T04:36:02.801376,0.0002309038,73.9791,305.1406,0.00682831,58.9681,332.5096,14.33241269,CelesTrak (Manual Download),20260826T042208Z
34482,COSMOS 2251 DEB,2026-08-25T00:11:31.333920,0.0011855394,74.034,86.7941,0.00408195,86.8745,63.7538,14.74612564,CelesTrak (Manual Download),20260826T042208Z
34544,COSMOS 2251 DEB,2026-08-25T12:33:40.866624,0.0003481921,73.9157,149.8103,0.03816203,131.031,40.8727,13.55032986,CelesTrak (Manual Download),20260826T042208Z
34546,COSMOS 2251 DEB,2026-08-25T21:17:05.327808,0.00032634912,74.0299,131.1442,0.00212604,149.4123,337.3373,14.46356086,CelesTrak (Manual Download),20260826T042208Z
34547,COSMOS 2251 DEB,2026-08-24T05:50:26.667744,0.00081378197,74.0311,323.1458,0.00201045,337.7093,22.3206,14.76984848,CelesTrak (Manual Download),20260826T042208Z
34553,COSMOS 2251 DEB,2026-08-25T23:22:09.975648,0.00073607273,74.0232,63.3251,0.00190212,80.7295,79.3411,14.60051926,CelesTrak (Manual Download),20260826T042208Z
34554,COSMOS 2251 DEB,2026-08-25T06:56:17.031264,0.00017319575,74.038,188.2618,0.00238102,195.7732,291.6304,14.38345708,CelesTrak (Manual Download),20260826T042208Z
34556,COSMOS 2251 DEB,2026-08-25T18:18:41.796000,0.0012510151,74.0155,338.3816,0.00101458,342.8164,178.705,14.85125037,CelesTrak (Manual Download),20260826T042208Z
34560,COSMOS 2251 DEB,2026-08-25T14:50:35.043360,0.0012352379,74.017,1.2647,0.00149746,19.5126,353.9671,14.77581463,CelesTrak (Manual Download),20260826T042208Z
34563,COSMOS 2251 DEB,2026-08-24T14:03:40.612608,0.0002712067,74.0363,87.5672,0.00129175,123.1949,267.8849,14.47264814,CelesTrak (Manual Download),20260826T042208Z
34564,COSMOS 2251 DEB,2026-08-25T20:32:25.066752,0.0001470778,74.0324,123.9956,0.00189675,172.1067,316.4359,14.41054232,CelesTrak (Manual Download),20260826T042208Z
34567,COSMOS 2251 DEB,2026-08-25T17:54:27.042048,0.00012348517,74.0402,55.9241,0.00730774,67.8403,303.8149,14.24227013,CelesTrak (Manual Download),20260826T042208Z
34569,COSMOS 2251 DEB,2026-08-25T01:46:08.031648,0.00028144023,73.9893,96.1395,0.01567023,226.4859,288.2456,14.25410824,CelesTrak (Manual Download),20260826T042208Z
34570,COSMOS 2251 DEB,2026-08-25T03:37:35.981760,0.0004112285,73.9586,133.8919,0.01905792,322.2862,188.9664,14.00304091,CelesTrak (Manual Download),20260826T042208Z
34571,COSMOS 2251 DEB,2026-08-25T22:24:53.272224,0.0013245124,74.0376,60.4089,0.0063303,35.2358,325.2963,14.52981374,CelesTrak (Manual Download),20260826T042208Z
34572,COSMOS 2251 DEB,2026-08-25T09:31:51.232800,0.001068866,74.0098,352.893,0.00634366,4.6712,60.8631,14.5374792,CelesTrak (Manual Download),20260826T042208Z
34574,COSMOS 2251 DEB,2026-08-25T01:54:13.783680,0.00047555289,74.0659,267.0155,0.00649762,224.144,166.3904,14.73827677,CelesTrak (Manual Download),20260826T042208Z
34576,COSMOS 2251 DEB,2026-08-25T09:18:21.963744,0.00049298937,74.0342,13.2009,0.00074097,78.2901,312.9784,14.56879126,CelesTrak (Manual Download),20260826T042208Z
34579,COSMOS 2251 DEB,2026-08-25T18:39:52.632000,0.00022897485,74.0515,106.9116,0.00260258,114.215,3.8572,14.45984038,CelesTrak (Manual Download),20260826T042208Z
34582,COSMOS 2251 DEB,2026-08-25T11:20:35.962080,0.0002859808,74.0193,156.3859,0.00495507,207.5849,152.2679,14.44196899,CelesTrak (Manual Download),20260826T042208Z
34588,COSMOS 2251 DEB,2026-08-25T04:41:04.684704,0.000244043,74.0435,154.6189,0.00181026,152.9119,357.952,14.4264705,CelesTrak (Manual Download),20260826T042208Z
34589,COSMOS 2251 DEB,2026-08-25T17:47:54.055104,0.00059209381,73.9276,339.643,0.02490325,233.3949,283.4975,13.86479478,CelesTrak (Manual Download),20260826T042208Z
34590,COSMOS 2251 DEB,2026-08-25T21:11:43.550016,7.6923408e-05,74.0431,197.888,0.00705259,262.5878,127.0602,14.55089451,CelesTrak (Manual Download),20260826T042208Z
34609,COSMOS 2251 DEB,2026-08-25T18:53:47.840928,0.0006179284,73.734,358.371,0.01412862,177.6017,335.301,14.22623713,CelesTrak (Manual Download),20260826T042208Z
34610,COSMOS 2251 DEB,2026-08-25T05:49:41.135808,0.00068568068,74.0179,173.7108,0.01810428,246.3335,111.8712,14.08195706,CelesTrak (Manual Download),20260826T042208Z
34611,COSMOS 2251 DEB,2026-08-25T16:30:29.994624,0.0008243627,74.0535,323.7349,0.00228238,301.6409,210.6788,14.7374413,CelesTrak (Manual Download),20260826T042208Z
34613,COSMOS 2251 DEB,2026-08-25T12:58:41.339136,0.0010119438,73.9636,173.4556,0.01105634,307.2716,168.3416,14.27826968,CelesTrak (Manual Download),20260826T042208Z
34614,COSMOS 2251 DEB,2026-08-25T11:01:05.101248,0.001890861,73.8738,241.526,0.01808697,190.9552,321.1167,14.22143693,CelesTrak (Manual Download),20260826T042208Z
34615,COSMOS 2251 DEB,2026-08-25T01:46:22.204704,0.00048066849,74.0034,244.5701,0.03961509,98.9695,332.4028,13.52483205,CelesTrak (Manual Download),20260826T042208Z
34619,COSMOS 2251 DEB,2026-08-25T12:45:00.502848,0.00016258327,74.0424,68.1182,0.00918482,97.5581,263.6032,14.6523075,CelesTrak (Manual Download),20260826T042208Z
34620,COSMOS 2251 DEB,2026-08-25T14:14:00.614688,0.0014547673,74.0482,98.0062,0.00739613,73.0827,287.8427,14.53729782,CelesTrak (Manual Download),20260826T042208Z
34622,COSMOS 2251 DEB,2026-08-25T08:21:14.001408,0.00054872606,74.0396,208.0314,0.01077632,231.4965,280.3016,14.22819869,CelesTrak (Manual Download),20260826T042208Z
34626,COSMOS 2251 DEB,2026-08-25T20:28:24.237984,0.00054993524,74.0463,184.7543,0.00290139,213.7664,175.5161,14.74702477,CelesTrak (Manual Download),20260826T042208Z
34634,COSMOS 2251 DEB,2026-08-25T21:36:48.699360,0.00017829522,74.0491,269.6809,0.00467132,309.2539,108.4352,14.56347894,CelesTrak (Manual Download),20260826T042208Z
34635,COSMOS 2251 DEB,2026-08-25T14:59:07.746144,0.00055023332,74.0438,294.8221,0.00317241,298.1431,215.1392,14.71289355,CelesTrak (Manual Download),20260826T042208Z
34637,COSMOS 2251 DEB,2026-08-25T16:57:00.432000,0.00039616671,74.0498,332.1986,0.00506158,335.1584,177.1627,14.61860836,CelesTrak (Manual Download),20260826T042208Z
34641,COSMOS 2251 DEB,2026-08-25T21:52:48.154080,0.00052423423,73.8395,312.518,0.00151046,186.6201,291.7383,14.53537293,CelesTrak (Manual Download),20260826T042208Z
34642,COSMOS 2251 DEB,2026-08-25T10:39:34.180704,0.00073208605,74.0014,256.5307,0.02068486,17.5092,49.055,13.99791299,CelesTrak (Manual Download),20260826T042208Z
34671,COSMOS 2251 DEB,2026-08-24T14:43:02.094816,0.0010184041,74.0275,0.5425,0.00125656,15.9136,357.0976,14.70680451,CelesTrak (Manual Download),20260826T042208Z
34672,COSMOS 2251 DEB,2026-08-25T06:30:58.156416,0.00014860375,74.033,195.9634,0.00251966,212.5099,218.0298,14.36716714,CelesTrak (Manual Download),20260826T042208Z
34678,COSMOS 2251 DEB,2026-08-25T20:02:21.234336,2.145585e-05,74.035,260.0964,0.00264872,249.9766,164.1675,14.3009977,CelesTrak (Manual Download),20260826T042208Z
34680,COSMOS 2251 DEB,2026-08-25T08:08:08.788704,0.00061894619,74.045,0.8449,0.00069841,18.6769,12.0448,14.62807492,CelesTrak (Manual Download),20260826T042208Z
34681,COSMOS 2251 DEB,2026-08-25T20:45:42.952608,0.00072019649,74.0614,141.8389,0.00231084,143.1353,314.6987,14.88052016,CelesTrak (Manual Download),20260826T042208Z
34682,COSMOS 2251 DEB,2026-08-25T22:29:58.056864,0.00034597022,74.0387,314.3742,0.00186659,12.4781,100.8281,14.60386188,CelesTrak (Manual Download),20260826T042208Z
34683,COSMOS 2251 DEB,2026-08-25T17:09:32.854176,0.00052876175,74.0293,318.8858,0.00197138,0.303,158.248,14.67075564,CelesTrak (Manual Download),20260826T042208Z
34685,COSMOS 2251 DEB,2026-08-25T09:05:44.271168,0.00057781691,74.0298,21.8544,0.00139783,59.2857,329.102,14.59398001,CelesTrak (Manual Download),20260826T042208Z
34689,COSMOS 2251 DEB,2026-08-25T21:45:26.874720,0.0016990556,74.0853,136.4849,0.02238636,143.4116,342.7658,14.07387222,CelesTrak (Manual Download),20260826T042208Z
34721,COSMOS 2251 DEB,2026-08-25T02:00:22.492224,0.00060084886,73.9196,242.905,0.02135214,131.2209,290.1658,13.97765817,CelesTrak (Manual Download),20260826T042208Z
34722,COSMOS 2251 DEB,2026-08-24T07:42:30.029760,0.00023669189,73.8724,241.8296,0.01612703,118.9311,257.577,14.12517865,CelesTrak (Manual Download),20260826T042208Z
34726,COSMOS 2251 DEB,2026-08-25T22:10:02.638560,0.00028997909,74.0259,217.1979,0.00446682,300.3897,59.2857,14.6042799,CelesTrak (Manual Download),20260826T042208Z
34728,COSMOS 2251 DEB,2026-08-25T15:27:03.269376,0.00034761392,74.0144,113.4891,0.00425391,208.0513,151.8367,14.72708703,CelesTrak (Manual Download),20260826T042208Z
34729,COSMOS 2251 DEB,2026-08-25T17:47:39.310080,0.0012067466,74.0132,208.2154,0.00179806,264.1962,154.5619,14.8960886,CelesTrak (Manual Download),20260826T042208Z
34732,COSMOS 2251 DEB,2026-08-24T14:51:31.154112,6.547686e-05,74.0474,336.8084,0.00383457,61.9401,1.1213,14.47511592,CelesTrak (Manual Download),20260826T042208Z
34738,COSMOS 2251 DEB,2026-08-25T14:28:09.708096,0.00019273924,74.0161,24.8296,0.00454655,109.4046,18.8505,14.46776685,CelesTrak (Manual Download),20260826T042208Z
34750,COSMOS 2251 DEB,2026-08-25T17:46:24.010752,0.00060163328,74.1046,73.1481,0.00354093,313.7373,173.5948,14.63963017,CelesTrak (Manual Download),20260826T042208Z
34752,COSMOS 2251 DEB,2026-08-25T21:04:42.866688,0.00073567958,74.0091,196.3201,0.00472339,257.4175,102.173,15.06406162,CelesTrak (Manual Download),20260826T042208Z
34754,COSMOS 2251 DEB,2026-08-25T20:06:44.275680,0.00010399591,74.0298,113.7426,0.00294503,171.458,313.8374,14.40780509,CelesTrak (Manual Download),20260826T042208Z
34755,COSMOS 2251 DEB,2026-08-25T10:38:24.867168,0.00058623521,73.9211,238.8756,0.0405849,211.8636,304.8408,13.50988297,CelesTrak (Manual Download),20260826T042208Z
34756,COSMOS 2251 DEB,2026-08-25T21:06:42.767424,0.00093991429,74.0037,42.9082,0.03394433,225.1045,132.206,13.67836789,CelesTrak (Manual Download),20260826T042208Z
34758,COSMOS 2251 DEB,2026-08-25T17:53:31.352928,0.00059043389,74.1036,247.1637,0.03880092,311.7029,45.1478,13.58629611,CelesTrak (Manual Download),20260826T042208Z
34760,COSMOS 2251 DEB,2026-08-25T21:35:28.847616,0.00027858377,74.0619,204.9962,0.00970267,197.0815,193.6563,14.20076823,CelesTrak (Manual Download),20260826T042208Z
34761,COSMOS 2251 DEB,2026-08-25T00:27:10.508832,0.00031019588,74.0254,251.9677,0.00386344,230.6597,129.1132,14.38893541,CelesTrak (Manual Download),20260826T042208Z
34784,COSMOS 2251 DEB,2026-08-25T07:14:35.941632,0.00035044215,74.0057,194.7149,0.00516042,298.3096,61.2869,14.61821195,CelesTrak (Manual Download),20260826T042208Z
34790,COSMOS 2251 DEB,2026-08-22T17:41:08.514240,0.00032081435,74.0539,147.8694,0.00991472,149.5287,239.6902,14.25337467,CelesTrak (Manual Download),20260826T042208Z
34792,COSMOS 2251 DEB,2026-08-25T22:32:06.869760,0.00062623832,74.0169,42.5938,0.0012252,75.0198,80.8501,14.57807454,CelesTrak (Manual Download),20260826T042208Z
34793,COSMOS 2251 DEB,2026-08-25T21:06:16.921728,0.00012407542,74.0029,136.9985,0.0052202,231.979,255.3771,14.3898115,CelesTrak (Manual Download),20260826T042208Z
34796,COSMOS 2251 DEB,2026-08-25T01:03:55.199232,0.00037710697,74.0281,97.1662,0.00982363,137.0622,12.9131,14.49770964,CelesTrak (Manual Download),20260826T042208Z
34797,COSMOS 2251 DEB,2026-08-24T17:19:07.637952,0.00039925173,73.9765,343.8414,0.00714441,35.6669,324.9231,14.45187877,CelesTrak (Manual Download),20260826T042208Z
34813,COSMOS 2251 DEB,2026-08-24T13:46:28.687296,0.0021009409,73.9239,82.9523,0.04492219,69.1788,295.6823,13.51923118,CelesTrak (Manual Download),20260826T042208Z
34814,COSMOS 2251 DEB,2026-08-23T09:06:16.047360,0.00052800914,73.8926,214.6603,0.005192,47.3596,102.8031,14.3785713,CelesTrak (Manual Download),20260826T042208Z
34815,COSMOS 2251 DEB,2026-08-25T18:08:41.355744,0.00058283248,74.0434,97.7056,0.00541283,102.2647,258.4599,14.8125146,CelesTrak (Manual Download),20260826T042208Z
34816,COSMOS 2251 DEB,2026-08-25T00:53:26.158848,0.00064276411,73.8846,86.3868,0.03734028,104.8539,44.4972,13.58777186,CelesTrak (Manual Download),20260826T042208Z
34818,COSMOS 2251 DEB,2026-08-25T07:11:50.407008,0.0001494,74.0356,186.9074,0.0025309,206.7177,303.9275,14.37262879,CelesTrak (Manual Download),20260826T042208Z
34819,COSMOS 2251 DEB,2026-08-25T08:18:16.140096,0.00084331959,74.0185,9.8162,0.00159474,37.8066,350.6145,14.67111992,CelesTrak (Manual Download),20260826T042208Z
34823,COSMOS 2251 DEB,2026-08-24T06:06:41.235552,0.0001727609,74.0421,340.0195,0.01531014,359.5061,0.5925,14.5591973,CelesTrak (Manual Download),20260826T042208Z
34845,COSMOS 2251 DEB,2026-08-24T02:44:17.060640,0.00017204845,74.0251,33.352,0.00209917,134.2212,226.0675,14.46280261,CelesTrak (Manual Download),20260826T042208Z
34846,COSMOS 2251 DEB,2026-08-25T21:00:22.524480,0.00042320452,74.0297,142.2078,0.0025362,153.1307,207.1172,14.48460457,CelesTrak (Manual Download),20260826T042208Z
34852,COSMOS 2251 DEB,2026-08-25T11:57:23.745600,6.0169696e-05,74.0335,152.53,0.00169692,201.5096,158.5346,14.37163427,CelesTrak (Manual Download),20260826T042208Z
34854,COSMOS 2251 DEB,2026-08-25T02:34:22.723680,0.00038944567,74.0297,17.0589,0.0062482,62.426,298.3243,14.78621266,CelesTrak (Manual Download),20260826T042208Z
34856,COSMOS 2251 DEB,2026-08-24T13:11:39.244128,0.0011594963,74.0028,274.9871,0.00304171,340.7627,169.2399,15.19869016,CelesTrak (Manual Download),20260826T042208Z
34857,COSMOS 2251 DEB,2026-08-25T17:07:37.034112,0.0004193411,74.0165,337.7687,0.00641552,36.7737,114.3725,14.60630206,CelesTrak (Manual Download),20260826T042208Z
34861,COSMOS 2251 DEB,2026-08-25T08:47:53.179872,0.0050246562,73.9914,232.4757,0.00151785,250.0353,177.8772,15.56821001,CelesTrak (Manual Download),20260826T042208Z
34874,COSMOS 2251 DEB,2026-08-25T05:09:44.379936,0.00034978,74.0399,324.0589,0.0053049,289.3154,97.7274,14.37426774,CelesTrak (Manual Download),20260826T042208Z
34875,COSMOS 2251 DEB,2026-08-25T20:43:07.182048,0.00028260905,74.0438,38.0102,0.0014828,97.3469,333.7649,14.49654114,CelesTrak (Manual Download),20260826T042208Z
34878,COSMOS 2251 DEB,2026-08-15T04:38:27.917088,0.00032068009,73.9657,17.7952,0.04343916,314.3308,224.4319,13.44512182,CelesTrak (Manual Download),20260826T042208Z
34879,COSMOS 2251 DEB,2026-08-23T01:12:08.113824,0.0018409836,73.9041,253.5879,0.04943271,289.1521,65.6705,13.39897915,CelesTrak (Manual Download),20260826T042208Z
34882,COSMOS 2251 DEB,2026-08-25T22:25:31.520640,0.00011374843,74.0451,95.5657,0.00815717,157.9969,202.4734,14.61988677,CelesTrak (Manual Download),20260826T042208Z
34883,COSMOS 2251 DEB,2026-08-25T14:50:51.677952,0.0017268551,74.1978,303.0679,0.00843318,44.9581,315.8371,14.57729318,CelesTrak (Manual Download),20260826T042208Z
34884,COSMOS 2251 DEB,2026-08-25T04:11:04.360992,0.0016102,74.0096,258.7988,0.0010312,294.803,131.2037,15.04042461,CelesTrak (Manual Download),20260826T042208Z
34885,COSMOS 2251 DEB,2026-08-25T12:32:40.837632,0.00040304754,74.0289,60.8324,0.00145703,85.0206,306.3476,14.52730551,CelesTrak (Manual Download),20260826T042208Z
34908,COSMOS 2251 DEB,2026-08-24T02:25:57.425376,0.00028327517,74.0558,275.8998,0.00417762,234.0812,155.6969,14.38170581,CelesTrak (Manual Download),20260826T042208Z
34909,COSMOS 2251 DEB,2026-08-25T13:43:46.955136,0.00021905962,74.0127,292.9187,0.00825321,1.5001,358.6406,14.79331097,CelesTrak (Manual Download),20260826T042208Z
34910,COSMOS 2251 DEB,2026-08-25T05:43:24.458592,0.00066060957,73.8723,58.0785,0.04667641,133.1811,39.9688,13.38014363,CelesTrak (Manual Download),20260826T042208Z
34911,COSMOS 2251 DEB,2026-08-25T02:23:29.838624,7.1008493e-05,74.0403,117.9235,0.00837365,179.9808,331.1135,14.596659,CelesTrak (Manual Download),20260826T042208Z
34913,COSMOS 2251 DEB,2026-08-25T04:25:27.171264,2.5774782e-05,74.0288,174.3415,0.00219533,227.6276,197.566,14.34699923,CelesTrak (Manual Download),20260826T042208Z
34918,COSMOS 2251 DEB,2026-08-15T16:52:18.329952,0.00051697581,74.0678,202.9076,0.00241411,109.7617,64.5438,14.64452219,CelesTrak (Manual Download),20260826T042208Z
34924,COSMOS 2251 DEB,2026-08-24T16:08:49.430976,0.00038451545,74.0402,322.2536,0.00554154,340.0156,170.6403,14.61783017,CelesTrak (Manual Download),20260826T042208Z
34944,COSMOS 2251 DEB,2026-08-24T02:11:52.393632,0.00035025725,73.7498,132.891,0.02195018,299.2734,58.6622,14.14809374,CelesTrak (Manual Download),20260826T042208Z
34946,COSMOS 2251 DEB,2026-08-25T16:19:49.978848,0.00036723271,74.0212,211.1778,0.00521003,283.1982,76.3375,14.63256725,CelesTrak (Manual Download),20260826T042208Z
34949,COSMOS 2251 DEB,2026-08-25T22:15:24.052608,0.00019746483,74.0189,328.6192,0.00771673,47.5471,313.2192,14.75213642,CelesTrak (Manual Download),20260826T042208Z
34953,COSMOS 2251 DEB,2026-08-25T11:43:51.492288,0.00043889836,74.0888,252.9801,0.00543555,180.1901,330.4749,14.71411883,CelesTrak (Manual Download),20260826T042208Z
34955,COSMOS 2251 DEB,2026-08-19T08:45:47.333952,0.00056749602,74.0334,96.7723,0.00699248,101.5565,259.3486,15.04661869,CelesTrak (Manual Download),20260826T042208Z
34962,COSMOS 2251 DEB,2026-08-24T23:36:28.517760,0.00026044622,74.0278,76.241,0.0017966,130.0593,230.2145,14.47242089,CelesTrak (Manual Download),20260826T042208Z
34963,COSMOS 2251 DEB,2026-08-22T13:17:23.150688,0.00056999887,74.1683,290.1429,0.00395486,46.0095,314.4316,14.53114858,CelesTrak (Manual Download),20260826T042208Z
34964,COSMOS 2251 DEB,2026-08-22T20:07:19.059456,0.00082373099,73.9683,266.9057,0.02077625,70.1551,292.1845,14.01696344,CelesTrak (Manual Download),20260826T042208Z
34965,COSMOS 2251 DEB,2026-08-24T14:59:25.690560,0.00017800048,74.053,11.0665,0.00248173,71.8436,288.5423,14.49207223,CelesTrak (Manual Download),20260826T042208Z
34967,COSMOS 2251 DEB,2026-08-24T09:49:11.131968,0.000328727,73.9922,138.3475,0.00402198,226.2787,133.5038,14.4521569,CelesTrak (Manual Download),20260826T042208Z
34968,COSMOS 2251 DEB,2026-08-25T01:55:40.623456,7.9260783e-05,74.0381,120.1748,0.00865524,177.2523,182.9137,14.59733002,CelesTrak (Manual Download),20260826T042208Z
34969,COSMOS 2251 DEB,2026-08-24T12:27:46.368288,0.00015204592,74.0122,277.4207,0.0075029,348.0272,11.9092,14.32623653,CelesTrak (Manual Download),20260826T042208Z
34971,COSMOS 2251 DEB,2026-08-20T12:39:34.155360,0.00013503696,73.9789,167.9329,0.00703162,332.2678,144.7475,14.56006425,CelesTrak (Manual Download),20260826T042208Z
34972,COSMOS 2251 DEB,2026-08-25T01:46:49.556352,0.00082310329,73.9842,269.025,0.00338689,355.15,34.3003,14.77275897,CelesTrak (Manual Download),20260826T042208Z
34976,COSMOS 2251 DEB,2026-08-25T12:17:31.278912,0.00073480138,74.0553,164.0279,0.00435011,148.3019,334.2242,14.80137197,CelesTrak (Manual Download),20260826T042208Z
34979,COSMOS 2251 DEB,2026-08-25T16:03:26.002944,0.00061788729,74.0384,121.9774,0.00460435,138.0384,222.4338,14.8309565,CelesTrak (Manual Download),20260826T042208Z
34990,COSMOS 2251 DEB,2026-08-12T05:22:22.268640,0.00011772654,74.0455,161.5872,0.00157261,174.0722,186.0624,14.42916869,CelesTrak (Manual Download),20260826T042208Z
34997,COSMOS 2251 DEB,2026-08-23T04:10:14.707776,0.00075846229,73.8782,193.0526,0.00891057,117.6545,243.3693,14.47792652,CelesTrak (Manual Download),20260826T042208Z
34998,COSMOS 2251 DEB,2026-08-24T18:10:23.522016,0.00035856709,74.0094,40.4931,0.00200566,125.0542,248.2869,14.50191779,CelesTrak (Manual Download),20260826T042208Z
35012,COSMOS 2251 DEB,2026-08-24T17:29:12.193440,7.3080593e-05,74.0225,355.7249,0.00793062,73.1785,287.8053,14.45772872,CelesTrak (Manual Download),20260826T042208Z
35014,COSMOS 2251 DEB,2026-08-17T20:33:51.462432,0.00067813866,73.9946,275.2277,0.00102393,351.2693,8.8303,14.80050238,CelesTrak (Manual Download),20260826T042208Z
35015,COSMOS 2251 DEB,2026-08-16T10:25:49.355328,0.00033224303,73.948,130.7047,0.0074037,302.3417,175.5913,14.48231205,CelesTrak (Manual Download),20260826T042208Z
35016,COSMOS 2251 DEB,2026-08-25T20:12:41.448096,0.00034199427,73.9301,181.6173,0.01114077,42.2294,349.5089,14.35565162,CelesTrak (Manual Download),20260826T042208Z
35018,COSMOS 2251 DEB,2026-08-24T11:14:08.701728,0.0007912457,73.9776,50.2226,0.03429765,267.9769,88.2043,13.67796105,CelesTrak (Manual Download),20260826T042208Z
35020,COSMOS 2251 DEB,2026-08-25T05:15:29.655936,0.00013732,74.0445,69.3545,0.0088773,118.5164,242.4978,14.63136654,CelesTrak (Manual Download),20260826T042208Z
35022,COSMOS 2251 DEB,2026-08-25T03:39:31.915872,0.00034383947,74.0243,193.1406,0.00476197,324.4546,35.345,14.61771066,CelesTrak (Manual Download),20260826T042208Z
35023,COSMOS 2251 DEB,2026-08-25T12:01:31.730016,0.0012967714,74.0332,52.5119,0.00280664,70.3527,321.0114,15.04408941,CelesTrak (Manual Download),20260826T042208Z
35025,COSMOS 2251 DEB,2026-08-25T19:04:02.995968,0.00019585945,73.9354,280.6827,0.00807271,135.5785,225.1902,14.7398666,CelesTrak (Manual Download),20260826T042208Z
35026,COSMOS 2251 DEB,2026-08-23T06:05:08.253600,3.7098438e-05,74.046,200.1628,0.00847026,249.8292,174.7017,14.53755376,CelesTrak (Manual Download),20260826T042208Z
35028,COSMOS 2251 DEB,2026-08-25T04:52:18.424128,4.3489e-05,74.0388,146.1051,0.0084075,216.511,295.5643,14.56756563,CelesTrak (Manual Download),20260826T042208Z
35031,COSMOS 2251 DEB,2026-08-25T10:33:16.736256,0.00010380377,74.0393,148.068,0.00191149,186.3223,173.7693,14.38527078,CelesTrak (Manual Download),20260826T042208Z
35032,COSMOS 2251 DEB,2026-08-24T06:32:23.950752,0.00057912,73.8478,236.2445,0.0064203,31.4608,341.4194,14.60511481,CelesTrak (Manual Download),20260826T042208Z
35033,COSMOS 2251 DEB,2026-08-20T05:55:36.091200,0.0003836692,74.0248,64.6793,0.00138945,111.9577,248.3063,14.52068714,CelesTrak (Manual Download),20260826T042208Z
35038,COSMOS 2251 DEB,2026-08-23T11:09:49.552704,0.00061866083,74.1057,306.0677,0.01110088,227.6758,143.6252,14.26817125,CelesTrak (Manual Download),20260826T042208Z
35043,COSMOS 2251 DEB,2026-08-23T11:55:51.758112,0.0021819744,73.9443,260.0316,0.00730389,40.0444,320.6088,14.89840037,CelesTrak (Manual Download),20260826T042208Z
35045,COSMOS 2251 DEB,2026-08-24T13:38:10.334688,0.00044042171,73.7206,322.4623,0.01793581,166.645,193.9525,14.00865277,CelesTrak (Manual Download),20260826T042208Z
35060,COSMOS 2251 DEB,2026-08-19T02:40:51.285216,0.00017822656,74.0375,142.1953,0.00181746,174.0822,186.0553,14.42064772,CelesTrak (Manual Download),20260826T042208Z
35061,COSMOS 2251 DEB,2026-08-25T06:00:13.500000,0.00039093,74.0444,171.4946,0.0041524,219.5173,140.2969,14.69543523,CelesTrak (Manual Download),20260826T042208Z
35062,COSMOS 2251 DEB,2026-08-25T07:40:23.039040,0.00076183465,74.0792,354.0807,0.01269652,292.5195,66.2553,14.24886654,CelesTrak (Manual Download),20260826T042208Z
35065,COSMOS 2251 DEB,2026-08-20T07:38:17.289888,0.0002374081,74.0176,86.2657,0.00194017,154.057,206.1566,14.46397051,CelesTrak (Manual Download),20260826T042208Z
35071,COSMOS 2251 DEB,2026-08-21T16:15:06.369120,0.00069254949,73.9321,12.9376,0.00624941,208.395,151.3832,15.08815232,CelesTrak (Manual Download),20260826T042208Z
35073,COSMOS 2251 DEB,2026-08-19T02:51:15.183072,0.0026425279,73.9841,171.7276,0.00182712,224.5977,135.3754,15.25547872,CelesTrak (Manual Download),20260826T042208Z
35284,COSMOS 2251 DEB,2026-08-25T05:16:48.642816,9.1612e-05,74.0497,153.9262,0.0016544,175.8167,335.3793,14.38544595,CelesTrak (Manual Download),20260826T042208Z
35287,COSMOS 2251 DEB,2026-08-25T06:11:45.900096,7.9163e-05,74.0311,166.5316,0.0018688,208.8133,302.8732,14.36549783,CelesTrak (Manual Download),20260826T042208Z
35288,COSMOS 2251 DEB,2026-08-22T17:57:38.694528,0.00064878455,73.9461,244.3474,0.00345942,51.8967,308.5313,14.68185046,CelesTrak (Manual Download),20260826T042208Z
35290,COSMOS 2251 DEB,2026-08-25T12:11:56.357088,0.0010440367,74.0017,271.0047,0.00091595,313.1152,46.9261,14.87744166,CelesTrak (Manual Download),20260826T042208Z
35433,COSMOS 2251 DEB,2026-08-25T08:27:11.255040,0.00015605995,74.0324,229.9547,0.00276489,228.5782,199.3175,14.35082965,CelesTrak (Manual Download),20260826T042208Z
35434,COSMOS 2251 DEB,2026-08-23T08:42:57.246048,0.00038365941,74.0396,115.547,0.0086,126.0408,234.8748,14.26371285,CelesTrak (Manual Download),20260826T042208Z
35435,COSMOS 2251 DEB,2026-08-25T12:02:27.820896,0.0011938052,74.0088,317.4919,0.00128015,344.7037,32.1416,14.85722492,CelesTrak (Manual Download),20260826T042208Z
35439,COSMOS 2251 DEB,2026-08-25T18:18:42.979680,0.0014203289,74.017,55.5936,0.0238977,167.056,193.6856,13.93877359,CelesTrak (Manual Download),20260826T042208Z
35440,COSMOS 2251 DEB,2026-08-22T07:15:47.454912,0.00029932234,74.0125,77.6507,0.00682467,156.5816,203.849,14.70001674,CelesTrak (Manual Download),20260826T042208Z
35441,COSMOS 2251 DEB,2026-08-24T04:18:12.514464,0.0011077238,74.1332,171.8803,0.00324182,346.3189,13.7098,14.6621839,CelesTrak (Manual Download),20260826T042208Z
35442,COSMOS 2251 DEB,2026-08-25T14:45:26.938368,0.0014512842,74.0235,306.6422,0.00067297,308.1138,51.9439,14.9498891,CelesTrak (Manual Download),20260826T042208Z
35443,COSMOS 2251 DEB,2026-08-21T12:32:49.390368,0.0041542,73.9589,166.0168,0.0043719,223.701,136.0733,15.39189125,CelesTrak (Manual Download),20260826T042208Z
35445,COSMOS 2251 DEB,2026-08-22T20:08:48.365952,0.00050716697,74.0344,175.7802,0.01389215,200.7018,158.8491,14.62692497,CelesTrak (Manual Download),20260826T042208Z
35446,COSMOS 2251 DEB,2026-08-25T03:38:45.373056,5.5700621e-05,74.0464,195.1547,0.00768787,248.9795,110.3133,14.54845922,CelesTrak (Manual Download),20260826T042208Z
35448,COSMOS 2251 DEB,2026-08-25T13:41:10.521888,0.00050788,73.9043,321.0787,0.0009285,68.3248,291.8902,14.55968645,CelesTrak (Manual Download),20260826T042208Z
35453,COSMOS 2251 DEB,2026-08-20T09:41:19.614336,0.00039098418,74.0067,277.5092,0.00686772,348.899,11.0645,14.3891711,CelesTrak (Manual Download),20260826T042208Z
35455,COSMOS 2251 DEB,2026-08-25T19:44:24.876096,0.00035727584,74.027,173.2414,0.0100672,215.1737,144.2752,14.51084196,CelesTrak (Manual Download),20260826T042208Z
35456,COSMOS 2251 DEB,2026-08-20T00:18:33.746976,0.0015259025,73.9501,347.9926,0.00585611,137.655,222.9165,14.74166879,CelesTrak (Manual Download),20260826T042208Z
35459,COSMOS 2251 DEB,2026-08-19T07:38:20.629248,0.00014210241,73.8697,83.2507,0.00169082,336.0589,23.9775,14.37826371,CelesTrak (Manual Download),20260826T042208Z
35462,COSMOS 2251 DEB,2026-08-22T11:47:49.481088,0.0007514855,74.0375,168.9287,0.00829522,145.0628,215.6006,14.30844803,CelesTrak (Manual Download),20260826T042208Z
35465,COSMOS 2251 DEB,2026-08-20T00:34:50.593152,0.00022961941,73.9972,89.9603,0.00640717,192.083,167.8795,14.44936939,CelesTrak (Manual Download),20260826T042208Z
35469,COSMOS 2251 DEB,2026-08-25T10:18:13.265280,7.2249554e-05,74.0147,263.1738,0.00771071,354.0862,5.9379,14.50012088,CelesTrak (Manual Download),20260826T042208Z
35475,COSMOS 2251 DEB,2026-08-25T15:59:48.660288,0.0011038979,74.0204,26.9221,0.00198682,38.952,321.308,14.74667479,CelesTrak (Manual Download),20260826T042208Z
35476,COSMOS 2251 DEB,2026-08-25T13:03:08.710848,0.00089086261,73.9747,275.9049,0.00147641,220.0678,290.5527,14.81696628,CelesTrak (Manual Download),20260826T042208Z
35580,COSMOS 2251 DEB,2026-08-23T23:17:06.491328,0.00064119973,73.8992,105.9748,0.02803885,63.0301,299.9163,13.84883197,CelesTrak (Manual Download),20260826T042208Z
35583,COSMOS 2251 DEB,2026-08-24T04:40:26.094144,0.00082519136,73.9164,159.4303,0.03846433,136.6379,226.5688,13.55869924,CelesTrak (Manual Download),20260826T042208Z
35585,COSMOS 2251 DEB,2026-08-24T21:30:42.981984,0.0006281324,73.9698,282.1245,0.03037761,142.0704,31.2418,13.76040246,CelesTrak (Manual Download),20260826T042208Z
35586,COSMOS 2251 DEB,2026-08-21T19:28:46.231680,0.00029507589,74.0182,258.58,0.04013973,80.8435,90.2655,13.52330083,CelesTrak (Manual Download),20260826T042208Z
35587,COSMOS 2251 DEB,2026-08-24T20:03:03.647232,0.00011573959,74.0022,281.2905,0.00994095,44.1393,316.7656,14.7217495,CelesTrak (Manual Download),20260826T042208Z
35593,COSMOS 2251 DEB,2026-08-23T20:41:32.206848,0.00046163287,74.0844,190.6174,0.01015547,135.0333,225.9097,14.26588304,CelesTrak (Manual Download),20260826T042208Z
35594,COSMOS 2251 DEB,2026-08-25T14:56:38.036544,0.00070235789,73.8062,306.0981,0.00291166,1.5726,358.5543,14.94231675,CelesTrak (Manual Download),20260826T042208Z
35602,COSMOS 2251 DEB,2026-08-25T13:48:57.900096,0.0003195,73.9936,346.9675,0.0069984,342.8375,29.3125,15.45975298,CelesTrak (Manual Download),20260826T042208Z
35606,COSMOS 2251 DEB,2026-08-25T15:34:19.331040,0.00031792952,73.8117,322.8252,0.0452178,127.8905,236.3997,13.41531865,CelesTrak (Manual Download),20260826T042208Z
35611,COSMOS 2251 DEB,2026-08-25T10:52:24.000384,0.0015762324,74.0186,37.8487,0.00205009,53.3584,306.9472,14.79206224,CelesTrak (Manual Download),20260826T042208Z
35614,COSMOS 2251 DEB,2026-08-24T13:21:06.030720,0.00072649472,73.9551,192.3915,0.00732352,343.3408,16.5356,14.69214844,CelesTrak (Manual Download),20260826T042208Z
35645,COSMOS 2251 DEB,2026-08-25T07:21:12.628224,0.00089327659,73.9651,327.9726,0.00672241,63.0002,297.7999,14.48024621,CelesTrak (Manual Download),20260826T042208Z
35646,COSMOS 2251 DEB,2026-08-25T08:52:58.939104,0.00017503068,73.871,10.2101,0.04585069,76.3563,318.1431,13.41207135,CelesTrak (Manual Download),20260826T042208Z
35647,COSMOS 2251 DEB,2026-08-24T12:46:17.403168,0.00038573598,74.0218,180.1108,0.00478918,220.679,139.0788,14.44664216,CelesTrak (Manual Download),20260826T042208Z
35650,COSMOS 2251 DEB,2026-08-23T23:46:05.754432,0.0011322769,74.0401,232.1858,0.00169241,238.9237,152.4697,14.90862625,CelesTrak (Manual Download),20260826T042208Z
35660,COSMOS 2251 DEB,2026-08-21T02:51:13.079232,0.00026999579,74.0402,21.0461,0.00169196,106.686,11.6878,14.50625895,CelesTrak (Manual Download),20260826T042208Z
35661,COSMOS 2251 DEB,2026-08-25T12:06:02.119680,0.00036255393,74.0111,288.4759,0.00856027,325.4296,34.1335,14.89629957,CelesTrak (Manual Download),20260826T042208Z
35663,COSMOS 2251 DEB,2026-08-15T02:45:45.054720,0.00062790045,74.0185,10.2855,0.00074627,23.2957,336.855,14.68918763,CelesTrak (Manual Download),20260826T042208Z
35667,COSMOS 2251 DEB,2026-08-25T02:59:05.221536,0.00054089665,74.0548,12.391,0.00197553,5.4286,354.7091,14.62081076,CelesTrak (Manual Download),20260826T042208Z
35668,COSMOS 2251 DEB,2026-08-25T22:08:50.663904,0.00017969846,74.0429,88.4792,0.00812359,128.9148,231.93,14.64611282,CelesTrak (Manual Download),20260826T042208Z
35669,COSMOS 2251 DEB,2026-08-19T08:13:35.209632,0.00055078209,73.8605,112.0074,0.0386015,180.7816,179.2743,13.57615552,CelesTrak (Manual Download),20260826T042208Z
35670,COSMOS 2251 DEB,2026-08-24T19:45:51.219936,0.00075771198,73.8898,262.944,0.00281693,173.4627,186.6934,15.01575293,CelesTrak (Manual Download),20260826T042208Z
35671,COSMOS 2251 DEB,2026-08-21T16:54:01.776672,0.00010798943,74.0193,326.742,0.00390927,77.8047,71.9113,14.48668998,CelesTrak (Manual Download),20260826T042208Z
35674,COSMOS 2251 DEB,2026-08-25T20:50:52.934208,0.00062635789,74.0574,191.6084,0.00924314,174.1447,186.0823,14.56834146,CelesTrak (Manual Download),20260826T042208Z
35701,COSMOS 2251 DEB,2026-08-12T17:51:50.791104,0.00027078352,73.9983,253.3845,0.02872666,49.6754,312.9086,13.81678965,CelesTrak (Manual Download),20260826T042208Z
35703,COSMOS 2251 DEB,2026-08-24T06:53:32.529984,0.00037339,74.0377,251.5921,0.0063965,255.4088,103.9997,14.93910922,CelesTrak (Manual Download),20260826T042208Z
35705,COSMOS 2251 DEB,2026-08-21T15:28:48.801792,0.0023799161,74.2698,8.7878,0.00210192,238.4508,121.4618,14.8141024,CelesTrak (Manual Download),20260826T042208Z
35706,COSMOS 2251 DEB,2026-08-24T15:03:03.013344,0.00031501724,73.8883,1.3983,0.03447218,4.9696,355.4695,13.66571441,CelesTrak (Manual Download),20260826T042208Z
35711,COSMOS 2251 DEB,2026-08-25T06:47:06.139680,0.00016975,74.0432,89.8273,0.00832,126.2045,234.6854,14.64396728,CelesTrak (Manual Download),20260826T042208Z
35716,COSMOS 2251 DEB,2026-08-25T21:31:06.254688,9.5740889e-05,73.9915,63.8921,0.00898109,204.0408,224.368,14.60365967,CelesTrak (Manual Download),20260826T042208Z
35717,COSMOS 2251 DEB,2026-08-22T09:38:14.313984,0.00056406318,74.1593,114.5366,0.00768209,261.9144,97.3291,14.40160795,CelesTrak (Manual Download),20260826T042208Z
35718,COSMOS 2251 DEB,2026-08-24T13:58:39.231264,0.00087885084,74.0322,354.9487,0.00117686,342.6437,17.4331,14.72669972,CelesTrak (Manual Download),20260826T042208Z
35721,COSMOS 2251 DEB,2026-08-08T09:03:00.261504,0.00043043347,73.9494,97.5448,0.01452794,191.7321,168.0437,14.36131404,CelesTrak (Manual Download),20260826T042208Z
35724,COSMOS 2251 DEB,2026-08-25T06:16:53.101344,0.00015109,74.0326,176.1308,0.0061556,265.127,94.2865,14.58715817,CelesTrak (Manual Download),20260826T042208Z
35759,COSMOS 2251 DEB,2026-08-22T20:56:02.279040,0.00018791646,74.0352,88.9129,0.00756103,143.9045,216.7263,14.65590051,CelesTrak (Manual Download),20260826T042208Z
35764,COSMOS 2251 DEB,2026-08-24T13:56:39.111936,0.00083557015,74.0211,201.8272,0.00265258,258.0176,101.8027,14.80480568,CelesTrak (Manual Download),20260826T042208Z
35771,COSMOS 2251 DEB,2026-08-21T22:39:41.196384,0.0029579142,74.1557,225.1786,0.01978107,95.7397,266.6336,14.17989754,CelesTrak (Manual Download),20260826T042208Z
35773,COSMOS 2251 DEB,2026-08-25T22:10:14.335392,0.00044401488,74.0049,208.8798,0.00475772,302.1601,57.4955,14.63363851,CelesTrak (Manual Download),20260826T042208Z
35777,COSMOS 2251 DEB,2026-08-24T13:21:13.857696,0.00032302028,73.7688,275.5588,0.044841,132.6489,16.6549,13.41536131,CelesTrak (Manual Download),20260826T042208Z
35784,COSMOS 2251 DEB,2026-08-24T13:00:36.587232,0.00013757969,74.0396,331.0356,0.00406524,34.9729,325.4088,14.50508692,CelesTrak (Manual Download),20260826T042208Z
35786,COSMOS 2251 DEB,2026-08-25T08:47:22.538976,0.00052130118,74.011,269.2899,0.00365335,329.7136,30.1922,14.68676204,CelesTrak (Manual Download),20260826T042208Z
35789,COSMOS 2251 DEB,2026-08-25T19:38:56.407488,6.4988074e-05,74.039,174.26,0.00486572,213.7951,146.0099,14.36139555,CelesTrak (Manual Download),20260826T042208Z
35793,COSMOS 2251 DEB,2026-08-24T11:24:33.329664,0.00093631522,74.0376,276.7949,0.00085103,296.3595,129.5578,14.84829675,CelesTrak (Manual Download),20260826T042208Z
35824,COSMOS 2251 DEB,2026-08-25T22:10:15.567456,0.00039075903,73.8452,328.0325,0.02529156,7.8406,352.6556,13.89250062,CelesTrak (Manual Download),20260826T042208Z
35825,COSMOS 2251 DEB,2026-08-24T07:03:47.858688,0.0008753237,74.11,83.7829,0.03529215,118.956,244.743,13.71795049,CelesTrak (Manual Download),20260826T042208Z
35829,COSMOS 2251 DEB,2026-08-24T13:31:16.343040,0.00096831009,74.0248,316.713,0.00099786,320.8558,39.1897,14.82368366,CelesTrak (Manual Download),20260826T042208Z
35830,COSMOS 2251 DEB,2026-08-24T01:55:40.624320,0.0011519319,73.8604,162.7029,0.01184099,81.5691,279.8857,14.2591812,CelesTrak (Manual Download),20260826T042208Z
35834,COSMOS 2251 DEB,2026-08-25T16:14:41.061696,1.3147914e-05,73.9313,209.0196,0.01116664,314.934,221.1756,14.13156913,CelesTrak (Manual Download),20260826T042208Z
35835,COSMOS 2251 DEB,2026-08-22T04:39:18.485280,0.00074984678,74.0614,203.6281,0.02949731,287.0981,69.8035,13.8360614,CelesTrak (Manual Download),20260826T042208Z
35836,COSMOS 2251 DEB,2026-08-23T17:19:01.805088,0.0011939618,74.0311,37.1877,0.00222853,35.6489,324.6168,14.76252675,CelesTrak (Manual Download),20260826T042208Z
35837,COSMOS 2251 DEB,2026-08-25T00:38:07.446912,0.0027865804,73.7258,142.1627,0.04125125,26.4278,347.2246,13.65564811,CelesTrak (Manual Download),20260826T042208Z
35840,COSMOS 2251 DEB,2026-08-25T19:30:32.022432,0.0010745786,73.9308,42.4402,0.01095589,249.3812,109.5565,14.40312226,CelesTrak (Manual Download),20260826T042208Z
35883,COSMOS 2251 DEB,2026-08-24T10:53:02.575392,0.00011475457,74.0245,310.6279,0.00829842,15.3236,357.0353,14.51061132,CelesTrak (Manual Download),20260826T042208Z
35884,COSMOS 2251 DEB,2026-08-14T19:40:57.723456,0.00051304352,73.987,251.575,0.01130942,340.1276,19.5482,14.27196501,CelesTrak (Manual Download),20260826T042208Z
35885,COSMOS 2251 DEB,2026-08-24T03:45:36.471168,0.00017325352,74.0282,186.1892,0.00246783,211.7257,148.2411,14.37895709,CelesTrak (Manual Download),20260826T042208Z
35887,COSMOS 2251 DEB,2026-08-16T03:44:02.753088,0.0011746271,73.9766,41.7043,0.00789232,137.3993,223.3327,14.49978614,CelesTrak (Manual Download),20260826T042208Z
35888,COSMOS 2251 DEB,2026-08-24T08:00:43.133184,0.00026447261,74.03,231.6614,0.00510645,297.6373,61.9613,14.59153643,CelesTrak (Manual Download),20260826T042208Z
35890,COSMOS 2251 DEB,2026-08-23T09:36:49.803552,0.00079844616,73.9346,116.1419,0.00543551,185.4449,174.6134,14.6073671,CelesTrak (Manual Download),20260826T042208Z
35891,COSMOS 2251 DEB,2026-08-21T08:22:03.616608,0.0014516,73.9709,260.8411,0.0024865,312.3071,47.6044,15.71076533,CelesTrak (Manual Download),20260826T042208Z
35895,COSMOS 2251 DEB,2026-08-24T10:09:52.577280,0.00067423436,74.045,265.3156,0.02073014,304.1091,54.0526,14.02655044,CelesTrak (Manual Download),20260826T042208Z
35898,COSMOS 2251 DEB,2026-08-25T00:20:07.689696,0.0003407353,73.9902,139.7476,0.0078344,219.0354,153.2688,14.98253781,CelesTrak (Manual Download),20260826T042208Z
35902,COSMOS 2251 DEB,2026-08-19T02:30:15.555744,0.00052361648,73.9814,141.4913,0.01019938,201.0465,158.6474,14.27982418,CelesTrak (Manual Download),20260826T042208Z
35905,COSMOS 2251 DEB,2026-08-25T04:15:00.861120,0.00042041,74.0299,50.6246,0.0082794,62.7656,298.1937,15.02405607,CelesTrak (Manual Download),20260826T042208Z
35959,COSMOS 2251 DEB,2026-08-25T07:43:34.707072,7.0343005e-05,74.0315,204.1186,0.00233194,228.0418,131.8747,14.34281068,CelesTrak (Manual Download),20260826T042208Z
35961,COSMOS 2251 DEB,2026-08-19T10:04:54.370272,0.00097505728,73.926,124.5633,0.01867712,7.0816,353.2889,14.06562307,CelesTrak (Manual Download),20260826T042208Z
35975,COSMOS 2251 DEB,2026-08-24T06:12:50.952384,0.0007662,74.0467,228.9771,0.0114057,248.1329,110.766,14.28293638,CelesTrak (Manual Download),20260826T042208Z
35979,COSMOS 2251 DEB,2026-08-24T21:21:38.994624,0.00044499817,74.0072,98.0517,0.00585612,168.0728,205.2182,14.77089516,CelesTrak (Manual Download),20260826T042208Z
35980,COSMOS 2251 DEB,2026-08-25T13:55:32.807712,0.00076218,73.9106,350.0466,0.0051375,65.8655,294.7871,14.61975127,CelesTrak (Manual Download),20260826T042208Z
35982,COSMOS 2251 DEB,2026-08-24T22:14:53.740896,0.00026075668,74.0543,217.8253,0.00655147,220.5808,139.0467,14.64029278,CelesTrak (Manual Download),20260826T042208Z
35987,COSMOS 2251 DEB,2026-08-14T06:18:10.195200,0.00029293,73.9972,230.9119,0.0051028,297.6239,61.9742,14.44429267,CelesTrak (Manual Download),20260826T042208Z
35989,COSMOS 2251 DEB,2026-08-25T04:45:29.543904,0.00010668,74.0383,173.9588,0.0022817,199.7066,160.3209,14.37340342,CelesTrak (Manual Download),20260826T042208Z
35993,COSMOS 2251 DEB,2026-08-23T04:02:41.332416,0.00050319871,74.0126,203.681,0.0030495,321.9576,37.9439,14.66983176,CelesTrak (Manual Download),20260826T042208Z
35997,COSMOS 2251 DEB,2026-08-23T06:39:56.165760,0.00038882351,74.0415,69.8681,0.00147621,83.9725,276.3119,14.52517412,CelesTrak (Manual Download),20260826T042208Z
36000,COSMOS 2251 DEB,2026-08-20T11:06:15.682464,0.0017189981,73.9847,298.0261,0.00308657,346.8869,13.1513,15.03523323,CelesTrak (Manual Download),20260826T042208Z
36005,COSMOS 2251 DEB,2026-08-24T06:26:02.119776,8.4712e-05,74.0287,337.6528,0.0060116,50.7489,309.8983,14.47631867,CelesTrak (Manual Download),20260826T042208Z
36008,COSMOS 2251 DEB,2026-07-31T08:06:28.492992,0.00216537,74.0023,211.755,0.01665592,301.9192,56.5847,14.27651045,CelesTrak (Manual Download),20260826T042208Z
36045,COSMOS 2251 DEB,2026-08-23T11:19:50.430144,0.0010048312,73.7605,276.279,0.00461634,251.0728,108.5438,14.75904197,CelesTrak (Manual Download),20260826T042208Z
36046,COSMOS 2251 DEB,2026-08-17T02:05:38.348160,0.0001999517,74.0154,159.3801,0.00577342,244.2467,128.2226,14.66476566,CelesTrak (Manual Download),20260826T042208Z
36047,COSMOS 2251 DEB,2026-08-24T19:09:51.770304,0.0021277817,74.0258,171.6642,0.00080771,185.8611,174.249,15.12761464,CelesTrak (Manual Download),20260826T042208Z
36048,COSMOS 2251 DEB,2026-08-24T15:49:46.003008,0.00014768577,74.0564,190.3318,0.00265745,183.5378,352.1509,14.38187337,CelesTrak (Manual Download),20260826T042208Z
36049,COSMOS 2251 DEB,2026-08-24T17:40:39.000864,0.00065380657,74.0317,349.6112,0.00121456,8.3553,351.7815,14.64611329,CelesTrak (Manual Download),20260826T042208Z
36050,COSMOS 2251 DEB,2026-08-23T20:47:33.041760,0.00039609809,74.0303,34.7294,0.00805429,46.1144,314.6659,15.04736094,CelesTrak (Manual Download),20260826T042208Z
36053,COSMOS 2251 DEB,2026-08-23T19:56:48.693696,0.00095280084,73.871,23.7049,0.0029017,279.7404,80.0484,14.60345444,CelesTrak (Manual Download),20260826T042208Z
36058,COSMOS 2251 DEB,2026-08-18T21:06:48.227040,0.00022831,74.0191,278.1254,0.0046051,346.0869,13.9024,14.5981199,CelesTrak (Manual Download),20260826T042208Z
36060,COSMOS 2251 DEB,2026-08-24T09:51:13.596192,0.00018738413,74.0288,122.0688,0.0015007,165.0502,195.1101,14.4248558,CelesTrak (Manual Download),20260826T042208Z
36061,COSMOS 2251 DEB,2026-08-25T07:12:54.552096,0.00017513,74.0209,251.8222,0.0040273,278.8644,80.7949,14.34080461,CelesTrak (Manual Download),20260826T042208Z
36073,COSMOS 2251 DEB,2026-08-22T06:47:32.104608,0.00013331,74.0301,219.4936,0.0025858,231.9793,127.9026,14.35222716,CelesTrak (Manual Download),20260826T042208Z
36074,COSMOS 2251 DEB,2026-08-20T17:25:06.741408,0.00059193712,73.9876,231.9163,0.00463916,267.3006,92.2841,14.45283462,CelesTrak (Manual Download),20260826T042208Z
36366,COSMOS 2251 DEB,2026-08-24T12:39:29.078496,0.0008177719,74.0642,167.165,0.00859631,134.5788,226.2425,14.35350714,CelesTrak (Manual Download),20260826T042208Z
36367,COSMOS 2251 DEB,2026-08-16T13:16:04.456704,0.00066775214,74.0984,174.7618,0.02620386,189.0825,170.5516,13.87126899,CelesTrak (Manual Download),20260826T042208Z
36369,COSMOS 2251 DEB,2026-08-22T10:33:14.758560,0.00067673159,74.0291,295.6711,0.00149593,313.4234,46.5695,14.78297664,CelesTrak (Manual Download),20260826T042208Z
36371,COSMOS 2251 DEB,2026-08-24T16:18:06.362784,0.0013151462,74.0106,23.6553,0.00093021,10.9167,349.2207,14.75865853,CelesTrak (Manual Download),20260826T042208Z
36379,COSMOS 2251 DEB,2026-08-25T15:59:17.124288,0.00017665585,74.0119,196.0794,0.00476857,264.6294,270.7882,14.36432753,CelesTrak (Manual Download),20260826T042208Z
36385,COSMOS 2251 DEB,2026-08-25T08:36:57.063456,0.0016263292,73.9682,12.3876,0.01297687,124.9085,236.4367,14.77679271,CelesTrak (Manual Download),20260826T042208Z
36420,COSMOS 2251 DEB,2026-08-23T04:07:31.054080,8.2138899e-05,74.0383,169.5072,0.00188839,202.9009,222.0273,14.37094102,CelesTrak (Manual Download),20260826T042208Z
36423,COSMOS 2251 DEB,2026-08-07T08:25:57.888480,0.0029949694,73.7679,87.2038,0.0039038,52.5898,307.8841,15.21170222,CelesTrak (Manual Download),20260826T042208Z
36430,COSMOS 2251 DEB,2026-08-22T02:01:41.094624,0.00026383866,74.0057,10.2769,0.00952813,101.2944,259.8929,14.28218544,CelesTrak (Manual Download),20260826T042208Z
36437,COSMOS 2251 DEB,2026-08-13T10:11:02.717664,0.00040787819,73.9397,276.4721,0.00180482,76.4808,283.8375,14.74824472,CelesTrak (Manual Download),20260826T042208Z
36439,COSMOS 2251 DEB,2026-08-25T00:17:27.192192,0.0015824066,73.9716,349.075,0.04248492,272.1366,83.1159,13.4847816,CelesTrak (Manual Download),20260826T042208Z
36441,COSMOS 2251 DEB,2026-08-23T13:36:00.796896,0.00024247102,73.8322,179.981,0.01034223,226.0276,133.2354,15.10715969,CelesTrak (Manual Download),20260826T042208Z
36451,COSMOS 2251 DEB,2026-08-22T08:30:09.465408,0.0006839214,73.9499,241.3982,0.01830824,9.3994,351.0497,14.19636463,CelesTrak (Manual Download),20260826T042208Z
36453,COSMOS 2251 DEB,2026-08-25T04:15:34.818912,0.00068664,73.9246,26.579,0.0068385,234.1071,299.4104,14.5435663,CelesTrak (Manual Download),20260826T042208Z
36459,COSMOS 2251 DEB,2026-08-10T12:26:08.005344,0.00029667184,74.0404,284.108,0.01175579,321.4163,37.8626,14.2803534,CelesTrak (Manual Download),20260826T042208Z
36528,COSMOS 2251 DEB,2026-08-22T03:47:23.782560,0.00030855046,74.0158,44.8786,0.00845235,34.3058,326.3509,14.31475813,CelesTrak (Manual Download),20260826T042208Z
36531,COSMOS 2251 DEB,2026-08-25T01:48:07.166016,0.0015358997,74.0883,266.5216,0.01539222,222.8511,136.0565,14.34796583,CelesTrak (Manual Download),20260826T042208Z
36533,COSMOS 2251 DEB,2026-08-24T17:46:14.959488,0.00023866003,74.013,355.0738,0.00470565,81.1298,279.5186,14.50494431,CelesTrak (Manual Download),20260826T042208Z
36539,COSMOS 2251 DEB,2026-08-25T02:22:59.639232,0.00030772216,74.021,287.4136,0.00278282,0.6627,359.457,14.60688409,CelesTrak (Manual Download),20260826T042208Z
36540,COSMOS 2251 DEB,2026-08-25T05:17:36.281184,0.00069671,74.0272,52.899,0.0014499,62.0722,298.191,14.60802376,CelesTrak (Manual Download),20260826T042208Z
36550,COSMOS 2251 DEB,2026-08-23T20:49:02.946144,0.00039175819,74.0427,92.7291,0.00771111,82.0223,278.9667,14.27917031,CelesTrak (Manual Download),20260826T042208Z
36551,COSMOS 2251 DEB,2026-08-25T04:36:42.939360,0.0014105,73.8917,203.5629,0.0033417,99.4713,261.026,15.13842939,CelesTrak (Manual Download),20260826T042208Z
36557,COSMOS 2251 DEB,2026-08-25T22:50:45.507840,0.0012735761,73.9794,336.9843,0.00200164,54.1641,306.1395,14.87496249,CelesTrak (Manual Download),20260826T042208Z
36558,COSMOS 2251 DEB,2026-08-25T09:41:00.252096,0.0005072926,74.0425,29.7936,0.00124619,51.5847,308.6433,14.5688964,CelesTrak (Manual Download),20260826T042208Z
36559,COSMOS 2251 DEB,2026-08-24T04:04:24.872448,0.0019656359,74.1241,293.5816,0.02633428,266.1415,90.9577,13.9822865,CelesTrak (Manual Download),20260826T042208Z
36614,COSMOS 2251 DEB,2026-08-22T05:35:15.745632,0.00062184,74.022,50.9422,0.0015171,61.847,298.4228,14.62839914,CelesTrak (Manual Download),20260826T042208Z
36622,COSMOS 2251 DEB,2026-08-20T01:23:05.451072,0.00045117079,74.0144,13.802,0.0065074,85.6144,275.2462,14.7803758,CelesTrak (Manual Download),20260826T042208Z
36632,COSMOS 2251 DEB,2026-08-23T04:43:15.214368,0.00040418067,73.9993,180.1372,0.00353203,232.1747,127.6212,14.442226,CelesTrak (Manual Download),20260826T042208Z
37084,COSMOS 2251 DEB,2026-08-25T14:46:33.148416,0.00027583,74.0283,358.6878,0.0090698,9.7025,350.5887,15.0424184,CelesTrak (Manual Download),20260826T042208Z
37089,COSMOS 2251 DEB,2026-08-24T02:10:30.150336,0.0010525675,74.0368,23.7632,0.01292878,59.7344,301.6541,14.57118722,CelesTrak (Manual Download),20260826T042208Z
37094,COSMOS 2251 DEB,2026-08-23T02:05:21.908832,0.00044410416,74.109,16.1438,0.00819477,276.2334,82.9491,14.39092006,CelesTrak (Manual Download),20260826T042208Z
37095,COSMOS 2251 DEB,2026-08-10T10:58:45.000192,0.0005885959,73.8454,125.5056,0.01920127,140.6921,220.8336,14.04367207,CelesTrak (Manual Download),20260826T042208Z
37101,COSMOS 2251 DEB,2026-08-15T14:19:37.375104,0.00033492,74.0335,339.6142,0.0043894,2.3825,357.7545,14.67660696,CelesTrak (Manual Download),20260826T042208Z
37108,COSMOS 2251 DEB,2026-08-25T05:18:01.141920,0.00044929,74.0431,326.9142,0.0093258,339.3654,20.3745,14.42888959,CelesTrak (Manual Download),20260826T042208Z
37118,COSMOS 2251 DEB,2026-08-24T21:37:32.437632,0.00095333319,74.0135,298.5995,0.00076955,316.3791,43.6779,14.84777057,CelesTrak (Manual Download),20260826T042208Z
37126,COSMOS 2251 DEB,2026-08-23T05:19:37.814880,0.00019845594,73.9495,217.6882,0.0119742,35.0698,325.8283,14.73775016,CelesTrak (Manual Download),20260826T042208Z
37132,COSMOS 2251 DEB,2026-08-16T22:21:56.979936,0.00039878621,74.0003,106.3131,0.00408948,201.6877,158.257,14.81112459,CelesTrak (Manual Download),20260826T042208Z
37270,COSMOS 2251 DEB,2026-08-25T02:28:02.370144,0.0018595389,73.9336,278.4709,0.0395137,243.7651,112.2349,13.61522968,CelesTrak (Manual Download),20260826T042208Z
37280,COSMOS 2251 DEB,2026-08-23T11:56:00.411936,0.00053854371,74.0301,322.9081,0.01321777,29.3481,331.5002,14.20498593,CelesTrak (Manual Download),20260826T042208Z
37284,COSMOS 2251 DEB,2026-08-23T05:33:19.278432,0.00071605901,74.0221,67.5266,0.01591451,159.0596,323.8068,14.13744102,CelesTrak (Manual Download),20260826T042208Z
37292,COSMOS 2251 DEB,2026-08-13T23:58:46.604064,0.00047525115,74.1276,346.1403,0.02077199,288.0056,69.8542,14.04852642,CelesTrak (Manual Download),20260826T042208Z
37295,COSMOS 2251 DEB,2026-08-24T04:38:39.733152,0.00030573111,74.0054,150.4752,0.00461193,265.3027,94.2874,14.66578712,CelesTrak (Manual Download),20260826T042208Z
37305,COSMOS 2251 DEB,2026-08-25T13:01:57.569952,0.0004365,73.869,175.6474,0.0045649,84.9905,275.6456,14.36953755,CelesTrak (Manual Download),20260826T042208Z
37312,COSMOS 2251 DEB,2026-08-23T06:59:44.100960,0.00027047698,74.0297,90.5617,0.00175336,135.7896,224.4667,14.4686465,CelesTrak (Manual Download),20260826T042208Z
37316,COSMOS 2251 DEB,2026-08-25T15:57:04.327488,0.0018782702,74.0103,217.8863,0.00277379,234.4391,125.4215,15.10465166,CelesTrak (Manual Download),20260826T042208Z
37320,COSMOS 2251 DEB,2026-08-24T05:51:02.843424,0.00054986,74.0443,76.7471,0.0043835,99.5359,261.0776,14.81692099,CelesTrak (Manual Download),20260826T042208Z
37326,COSMOS 2251 DEB,2026-08-25T14:28:12.402048,0.00032921919,74.0223,204.3338,0.00580108,269.5586,89.8934,14.62705814,CelesTrak (Manual Download),20260826T042208Z
37330,COSMOS 2251 DEB,2026-08-25T04:29:32.188704,0.00021804,74.018,167.1376,0.0058226,309.6011,50.0021,14.60218919,CelesTrak (Manual Download),20260826T042208Z
37331,COSMOS 2251 DEB,2026-08-23T12:33:01.395648,0.00027900623,74.0755,323.4427,0.00573677,275.5211,83.94,14.3575114,CelesTrak (Manual Download),20260826T042208Z
37336,COSMOS 2251 DEB,2026-08-25T06:00:45.577728,4.937e-05,74.0391,224.7149,0.0030955,242.9887,116.8103,14.32848753,CelesTrak (Manual Download),20260826T042208Z
37340,COSMOS 2251 DEB,2026-08-23T13:07:49.671552,0.00010477606,74.0258,170.1039,0.00189831,211.2731,148.7295,14.37164508,CelesTrak (Manual Download),20260826T042208Z
37483,COSMOS 2251 DEB,2026-08-24T03:33:20.413152,0.00019238996,73.975,28.517,0.00922333,177.4998,182.6641,14.43924746,CelesTrak (Manual Download),20260826T042208Z
37484,COSMOS 2251 DEB,2026-08-14T08:49:40.251936,0.00028781,73.8211,108.7191,0.0037662,98.3312,23.7564,14.42912058,CelesTrak (Manual Download),20260826T042208Z
37486,COSMOS 2251 DEB,2026-08-24T16:09:28.398240,0.0021795985,73.6934,12.6111,0.02187654,203.0355,171.1284,14.15770615,CelesTrak (Manual Download),20260826T042208Z
37487,COSMOS 2251 DEB,2026-08-24T17:15:20.359296,0.0029821737,73.8936,38.7336,0.00258078,168.1811,191.9984,14.9500055,CelesTrak (Manual Download),20260826T042208Z
37491,COSMOS 2251 DEB,2026-08-24T14:10:42.409632,0.0004840831,73.904,206.6067,0.03119077,152.0218,209.8073,13.75961065,CelesTrak (Manual Download),20260826T042208Z
37496,COSMOS 2251 DEB,2026-08-21T13:06:06.579936,0.0015278517,73.9443,167.4626,0.00506312,123.2982,237.3071,15.04951993,CelesTrak (Manual Download),20260826T042208Z
37498,COSMOS 2251 DEB,2026-08-24T18:54:40.916448,0.00040344168,74.0352,60.4636,0.00110425,66.5641,293.6682,14.56510213,CelesTrak (Manual Download),20260826T042208Z
37499,COSMOS 2251 DEB,2026-08-23T22:27:53.708256,9.3707029e-05,74.0359,216.749,0.00290405,235.038,124.8045,14.34536585,CelesTrak (Manual Download),20260826T042208Z
37518,COSMOS 2251 DEB,2026-08-22T02:04:49.688544,0.0030828272,73.9589,133.6528,0.00222489,188.9389,171.1426,15.40943527,CelesTrak (Manual Download),20260826T042208Z
37528,COSMOS 2251 DEB,2026-08-24T14:32:41.303904,0.00025076971,74.0382,2.8453,0.00193342,85.085,275.2518,14.5122845,CelesTrak (Manual Download),20260826T042208Z
37530,COSMOS 2251 DEB,2026-08-19T06:53:33.356832,0.00013234608,74.0331,236.5086,0.00280808,242.7065,129.0015,14.34774762,CelesTrak (Manual Download),20260826T042208Z
